# Radial perturbation strength profile
# R_CR = 10 kpc
# radial_envelope_sigma = 2 kpc
# radial_envelope_floor = 0
# snapshot_time = 2500 Myr
# time_scale = 1
#
# Columns:
# 1  R [kpc]
# 2  B_norm = B(R) / B(R_CR)
# 3  B_raw
# 4  dB_dR
# 5  PhiS_norm = PhiS(R) / PhiS(R_CR)
# 6  A_norm = A(R) / A(R_CR)
# 7  Lz_circ = R * v_c [kpc^2/Myr]
0.5	1.26071e-05	1.26071e-05	2.99419e-05	2.23506	2.81776e-05	0.11
0.51	1.29099e-05	1.29099e-05	3.06288e-05	2.27066	2.93141e-05	0.1122
0.52	1.32197e-05	1.32197e-05	3.13308e-05	2.30594	3.04839e-05	0.1144
0.53	1.35366e-05	1.35366e-05	3.20479e-05	2.3409	3.16879e-05	0.1166
0.54	1.38607e-05	1.38607e-05	3.27807e-05	2.37555	3.29269e-05	0.1188
0.55	1.41923e-05	1.41923e-05	3.35293e-05	2.40988	3.42017e-05	0.121
0.56	1.45314e-05	1.45314e-05	3.42941e-05	2.4439	3.55133e-05	0.1232
0.57	1.48782e-05	1.48782e-05	3.50754e-05	2.47761	3.68625e-05	0.1254
0.58	1.52329e-05	1.52329e-05	3.58736e-05	2.51102	3.82502e-05	0.1276
0.59	1.55957e-05	1.55957e-05	3.6689e-05	2.54411	3.96773e-05	0.1298
0.6	1.59668e-05	1.59668e-05	3.75219e-05	2.57691	4.11449e-05	0.132
0.61	1.63462e-05	1.63462e-05	3.83728e-05	2.6094	4.26538e-05	0.1342
0.62	1.67343e-05	1.67343e-05	3.92419e-05	2.64158	4.42051e-05	0.1364
0.63	1.71311e-05	1.71311e-05	4.01297e-05	2.67348	4.57997e-05	0.1386
0.64	1.7537e-05	1.7537e-05	4.10365e-05	2.70507	4.74387e-05	0.1408
0.65	1.79519e-05	1.79519e-05	4.19627e-05	2.73637	4.91231e-05	0.143
0.66	1.83763e-05	1.83763e-05	4.29086e-05	2.76738	5.08541e-05	0.1452
0.67	1.88102e-05	1.88102e-05	4.38747e-05	2.79809	5.26326e-05	0.1474
0.68	1.92538e-05	1.92538e-05	4.48614e-05	2.82852	5.44598e-05	0.1496
0.69	1.97075e-05	1.97075e-05	4.58692e-05	2.85865	5.63369e-05	0.1518
0.7	2.01713e-05	2.01713e-05	4.68983e-05	2.88851	5.82649e-05	0.154
0.71	2.06455e-05	2.06455e-05	4.79492e-05	2.91808	6.02452e-05	0.1562
0.72	2.11304e-05	2.11304e-05	4.90224e-05	2.94736	6.22788e-05	0.1584
0.73	2.1626e-05	2.1626e-05	5.01183e-05	2.97637	6.43671e-05	0.1606
0.74	2.21328e-05	2.21328e-05	5.12374e-05	3.0051	6.65112e-05	0.1628
0.75	2.26509e-05	2.26509e-05	5.23801e-05	3.03355	6.87125e-05	0.165
0.76	2.31805e-05	2.31805e-05	5.35469e-05	3.06172	7.09722e-05	0.1672
0.77	2.37219e-05	2.37219e-05	5.47383e-05	3.08963	7.32918e-05	0.1694
0.78	2.42753e-05	2.42753e-05	5.59546e-05	3.11726	7.56724e-05	0.1716
0.79	2.48411e-05	2.48411e-05	5.71965e-05	3.14462	7.81157e-05	0.1738
0.8	2.54193e-05	2.54193e-05	5.84645e-05	3.17171	8.06228e-05	0.176
0.81	2.60104e-05	2.60104e-05	5.9759e-05	3.19854	8.31954e-05	0.1782
0.82	2.66146e-05	2.66146e-05	6.10805e-05	3.2251	8.58348e-05	0.1804
0.83	2.72321e-05	2.72321e-05	6.24297e-05	3.2514	8.85426e-05	0.1826
0.84	2.78633e-05	2.78633e-05	6.3807e-05	3.27744	9.13202e-05	0.1848
0.85	2.85084e-05	2.85084e-05	6.52129e-05	3.30321	9.41693e-05	0.187
0.86	2.91677e-05	2.91677e-05	6.66481e-05	3.32873	9.70914e-05	0.1892
0.87	2.98414e-05	2.98414e-05	6.81131e-05	3.354	0.000100088	0.1914
0.88	3.053e-05	3.053e-05	6.96085e-05	3.37901	0.000103161	0.1936
0.89	3.12337e-05	3.12337e-05	7.11348e-05	3.40376	0.000106312	0.1958
0.9	3.19528e-05	3.19528e-05	7.26927e-05	3.42827	0.000109543	0.198
0.91	3.26877e-05	3.26877e-05	7.42827e-05	3.45252	0.000112855	0.2002
0.92	3.34386e-05	3.34386e-05	7.59056e-05	3.47653	0.00011625	0.2024
0.93	3.42059e-05	3.42059e-05	7.75619e-05	3.50028	0.00011973	0.2046
0.94	3.49899e-05	3.49899e-05	7.92522e-05	3.5238	0.000123297	0.2068
0.95	3.57911e-05	3.57911e-05	8.09773e-05	3.54707	0.000126953	0.209
0.96	3.66096e-05	3.66096e-05	8.27377e-05	3.5701	0.0001307	0.2112
0.97	3.74459e-05	3.74459e-05	8.45342e-05	3.59289	0.000134539	0.2134
0.98	3.83004e-05	3.83004e-05	8.63674e-05	3.61544	0.000138473	0.2156
0.99	3.91734e-05	3.91734e-05	8.82381e-05	3.63775	0.000142503	0.2178
1	4.00653e-05	4.00653e-05	9.01469e-05	3.65982	0.000146632	0.22
1.01	4.09765e-05	4.09765e-05	9.20946e-05	3.68167	0.000150862	0.2222
1.02	4.19073e-05	4.19073e-05	9.40819e-05	3.70327	0.000155194	0.2244
1.03	4.28582e-05	4.28582e-05	9.61096e-05	3.72465	0.000159632	0.2266
1.04	4.38297e-05	4.38297e-05	9.81784e-05	3.7458	0.000164177	0.2288
1.05	4.4822e-05	4.4822e-05	0.000100289	3.76672	0.000168832	0.231
1.06	4.58356e-05	4.58356e-05	0.000102443	3.78742	0.000173598	0.2332
1.07	4.68709e-05	4.68709e-05	0.000104639	3.80788	0.000178479	0.2354
1.08	4.79285e-05	4.79285e-05	0.000106881	3.82813	0.000183476	0.2376
1.09	4.90087e-05	4.90087e-05	0.000109167	3.84815	0.000188593	0.2398
1.1	5.0112e-05	5.0112e-05	0.000111499	3.86795	0.000193831	0.242
1.11	5.12389e-05	5.12389e-05	0.000113878	3.88753	0.000199193	0.2442
1.12	5.23897e-05	5.23897e-05	0.000116305	3.9069	0.000204681	0.2464
1.13	5.35651e-05	5.35651e-05	0.000118781	3.92604	0.000210299	0.2486
1.14	5.47655e-05	5.47655e-05	0.000121306	3.94498	0.000216049	0.2508
1.15	5.59914e-05	5.59914e-05	0.000123881	3.9637	0.000221933	0.253
1.16	5.72433e-05	5.72433e-05	0.000126508	3.9822	0.000227954	0.2552
1.17	5.85217e-05	5.85217e-05	0.000129187	4.0005	0.000234116	0.2574
1.18	5.98272e-05	5.98272e-05	0.000131919	4.01858	0.000240421	0.2596
1.19	6.11603e-05	6.11603e-05	0.000134706	4.03646	0.000246871	0.2618
1.2	6.25215e-05	6.25215e-05	0.000137547	4.05413	0.00025347	0.264
1.21	6.39114e-05	6.39114e-05	0.000140445	4.0716	0.000260222	0.2662
1.22	6.53306e-05	6.53306e-05	0.000143401	4.08886	0.000267128	0.2684
1.23	6.67796e-05	6.67796e-05	0.000146414	4.10592	0.000274192	0.2706
1.24	6.82591e-05	6.82591e-05	0.000149487	4.12277	0.000281417	0.2728
1.25	6.97696e-05	6.97696e-05	0.000152621	4.13943	0.000288806	0.275
1.26	7.13117e-05	7.13117e-05	0.000155816	4.15589	0.000296364	0.2772
1.27	7.28861e-05	7.28861e-05	0.000159074	4.17215	0.000304092	0.2794
1.28	7.44934e-05	7.44934e-05	0.000162396	4.18822	0.000311994	0.2816
1.29	7.61342e-05	7.61342e-05	0.000165782	4.20409	0.000320075	0.2838
1.3	7.78093e-05	7.78093e-05	0.000169235	4.21976	0.000328337	0.286
1.31	7.95192e-05	7.95192e-05	0.000172755	4.23525	0.000336783	0.2882
1.32	8.12646e-05	8.12646e-05	0.000176344	4.25054	0.000345419	0.2904
1.33	8.30463e-05	8.30463e-05	0.000180003	4.26565	0.000354246	0.2926
1.34	8.48649e-05	8.48649e-05	0.000183733	4.28056	0.00036327	0.2948
1.35	8.67212e-05	8.67212e-05	0.000187535	4.29529	0.000372493	0.297
1.36	8.86158e-05	8.86158e-05	0.00019141	4.30983	0.00038192	0.2992
1.37	9.05496e-05	9.05496e-05	0.000195361	4.32419	0.000391554	0.3014
1.38	9.25233e-05	9.25233e-05	0.000199388	4.33837	0.0004014	0.3036
1.39	9.45376e-05	9.45376e-05	0.000203492	4.35236	0.000411462	0.3058
1.4	9.65934e-05	9.65934e-05	0.000207676	4.36617	0.000421744	0.308
1.41	9.86914e-05	9.86914e-05	0.00021194	4.37981	0.000432249	0.3102
1.42	0.000100832	0.000100832	0.000216286	4.39326	0.000442983	0.3124
1.43	0.000103017	0.000103017	0.000220715	4.40654	0.00045395	0.3146
1.44	0.000105247	0.000105247	0.000225229	4.41964	0.000465154	0.3168
1.45	0.000107522	0.000107522	0.000229829	4.43257	0.0004766	0.319
1.46	0.000109844	0.000109844	0.000234517	4.44532	0.000488291	0.3212
1.47	0.000112213	0.000112213	0.000239294	4.4579	0.000500234	0.3234
1.48	0.00011463	0.00011463	0.000244162	4.47031	0.000512432	0.3256
1.49	0.000117096	0.000117096	0.000249123	4.48255	0.00052489	0.3278
1.5	0.000119613	0.000119613	0.000254177	4.49462	0.000537614	0.33
1.51	0.00012218	0.00012218	0.000259328	4.50652	0.000550608	0.3322
1.52	0.0001248	0.0001248	0.000264575	4.51825	0.000563877	0.3344
1.53	0.000127472	0.000127472	0.000269922	4.52982	0.000577426	0.3366
1.54	0.000130199	0.000130199	0.00027537	4.54123	0.000591261	0.3388
1.55	0.00013298	0.00013298	0.00028092	4.55247	0.000605387	0.341
1.56	0.000135817	0.000135817	0.000286574	4.56355	0.000619809	0.3432
1.57	0.000138712	0.000138712	0.000292335	4.57447	0.000634533	0.3454
1.58	0.000141664	0.000141664	0.000298203	4.58523	0.000649563	0.3476
1.59	0.000144676	0.000144676	0.000304182	4.59583	0.000664907	0.3498
1.6	0.000147748	0.000147748	0.000310272	4.60627	0.000680569	0.352
1.61	0.000150882	0.000150882	0.000316475	4.61656	0.000696555	0.3542
1.62	0.000154078	0.000154078	0.000322794	4.62669	0.000712872	0.3564
1.63	0.000157338	0.000157338	0.00032923	4.63666	0.000729525	0.3586
1.64	0.000160663	0.000160663	0.000335786	4.64649	0.000746519	0.3608
1.65	0.000164054	0.000164054	0.000342464	4.65616	0.000763863	0.363
1.66	0.000167513	0.000167513	0.000349264	4.66567	0.000781561	0.3652
1.67	0.00017104	0.00017104	0.000356191	4.67504	0.00079962	0.3674
1.68	0.000174637	0.000174637	0.000363245	4.68426	0.000818047	0.3696
1.69	0.000178305	0.000178305	0.00037043	4.69334	0.000836847	0.3718
1.7	0.000182046	0.000182046	0.000377746	4.70226	0.000856029	0.374
1.71	0.000185861	0.000185861	0.000385197	4.71104	0.000875597	0.3762
1.72	0.000189751	0.000189751	0.000392784	4.71967	0.00089556	0.3784
1.73	0.000193717	0.000193717	0.00040051	4.72816	0.000915925	0.3806
1.74	0.000197761	0.000197761	0.000408377	4.73651	0.000936698	0.3828
1.75	0.000201885	0.000201885	0.000416388	4.74471	0.000957886	0.385
1.76	0.00020609	0.00020609	0.000424544	4.75278	0.000979497	0.3872
1.77	0.000210376	0.000210376	0.000432849	4.7607	0.00100154	0.3894
1.78	0.000214747	0.000214747	0.000441305	4.76848	0.00102402	0.3916
1.79	0.000219203	0.000219203	0.000449914	4.77613	0.00104694	0.3938
1.8	0.000223746	0.000223746	0.000458679	4.78364	0.00107032	0.396
1.81	0.000228377	0.000228377	0.000467602	4.79101	0.00109416	0.3982
1.82	0.000233098	0.000233098	0.000476686	4.79825	0.00111846	0.4004
1.83	0.000237911	0.000237911	0.000485934	4.80535	0.00114325	0.4026
1.84	0.000242818	0.000242818	0.000495348	4.81233	0.00116852	0.4048
1.85	0.000247819	0.000247819	0.000504931	4.81916	0.00119428	0.407
1.86	0.000252917	0.000252917	0.000514686	4.82587	0.00122054	0.4092
1.87	0.000258113	0.000258113	0.000524615	4.83245	0.00124732	0.4114
1.88	0.00026341	0.00026341	0.000534722	4.8389	0.00127461	0.4136
1.89	0.000268808	0.000268808	0.000545009	4.84522	0.00130243	0.4158
1.9	0.00027431	0.00027431	0.000555479	4.85141	0.00133079	0.418
1.91	0.000279918	0.000279918	0.000566135	4.85747	0.0013597	0.4202
1.92	0.000285634	0.000285634	0.00057698	4.86341	0.00138915	0.4224
1.93	0.000291459	0.000291459	0.000588018	4.86923	0.00141918	0.4246
1.94	0.000297395	0.000297395	0.000599251	4.87492	0.00144977	0.4268
1.95	0.000303444	0.000303444	0.000610682	4.88048	0.00148095	0.429
1.96	0.000309609	0.000309609	0.000622314	4.88593	0.00151273	0.4312
1.97	0.000315891	0.000315891	0.000634152	4.89125	0.0015451	0.4334
1.98	0.000322293	0.000322293	0.000646197	4.89646	0.00157809	0.4356
1.99	0.000328816	0.000328816	0.000658454	4.90154	0.0016117	0.4378
2	0.000335463	0.000335463	0.000670925	4.90651	0.00164595	0.44
2.01	0.000342235	0.000342235	0.000683615	4.91135	0.00168084	0.4422
2.02	0.000349136	0.000349136	0.000696526	4.91608	0.00171638	0.4444
2.03	0.000356166	0.000356166	0.000709662	4.9207	0.00175259	0.4466
2.04	0.00036333	0.00036333	0.000723026	4.9252	0.00178947	0.4488
2.05	0.000370628	0.000370628	0.000736623	4.92958	0.00182704	0.451
2.06	0.000378063	0.000378063	0.000750455	4.93386	0.00186531	0.4532
2.07	0.000385638	0.000385638	0.000764527	4.93802	0.00190428	0.4554
2.08	0.000393354	0.000393354	0.000778841	4.94206	0.00194398	0.4576
2.09	0.000401215	0.000401215	0.000793403	4.946	0.00198441	0.4598
2.1	0.000409223	0.000409223	0.000808216	4.94983	0.00202558	0.462
2.11	0.00041738	0.00041738	0.000823283	4.95354	0.00206751	0.4642
2.12	0.00042569	0.00042569	0.000838609	4.95715	0.00211021	0.4664
2.13	0.000434153	0.000434153	0.000854197	4.96065	0.00215368	0.4686
2.14	0.000442774	0.000442774	0.000870052	4.96404	0.00219795	0.4708
2.15	0.000451555	0.000451555	0.000886177	4.96733	0.00224303	0.473
2.16	0.000460499	0.000460499	0.000902578	4.97051	0.00228892	0.4752
2.17	0.000469608	0.000469608	0.000919257	4.97359	0.00233564	0.4774
2.18	0.000478885	0.000478885	0.00093622	4.97656	0.0023832	0.4796
2.19	0.000488333	0.000488333	0.000953471	4.97944	0.00243162	0.4818
2.2	0.000497955	0.000497955	0.000971013	4.9822	0.00248092	0.484
2.21	0.000507754	0.000507754	0.000988852	4.98487	0.00253109	0.4862
2.22	0.000517733	0.000517733	0.00100699	4.98744	0.00258216	0.4884
2.23	0.000527895	0.000527895	0.00102544	4.9899	0.00263415	0.4906
2.24	0.000538243	0.000538243	0.00104419	4.99227	0.00268706	0.4928
2.25	0.00054878	0.00054878	0.00106326	4.99454	0.0027409	0.495
2.26	0.00055951	0.00055951	0.00108265	4.99671	0.00279571	0.4972
2.27	0.000570434	0.000570434	0.00110236	4.99878	0.00285148	0.4994
2.28	0.000581558	0.000581558	0.00112241	5.00076	0.00290823	0.5016
2.29	0.000592884	0.000592884	0.00114278	5.00264	0.00296599	0.5038
2.3	0.000604415	0.000604415	0.0011635	5.00443	0.00302475	0.506
2.31	0.000616155	0.000616155	0.00118456	5.00613	0.00308455	0.5082
2.32	0.000628107	0.000628107	0.00120597	5.00773	0.00314539	0.5104
2.33	0.000640275	0.000640275	0.00122773	5.00923	0.00320729	0.5126
2.34	0.000652663	0.000652663	0.00124985	5.01065	0.00327027	0.5148
2.35	0.000665273	0.000665273	0.00127234	5.01198	0.00333433	0.517
2.36	0.000678111	0.000678111	0.00129519	5.01321	0.00339951	0.5192
2.37	0.000691178	0.000691178	0.00131842	5.01436	0.00346581	0.5214
2.38	0.00070448	0.00070448	0.00134204	5.01541	0.00353326	0.5236
2.39	0.00071802	0.00071802	0.00136603	5.01638	0.00360186	0.5258
2.4	0.000731802	0.000731802	0.00139042	5.01726	0.00367164	0.528
2.41	0.00074583	0.00074583	0.00141521	5.01805	0.00374261	0.5302
2.42	0.000760108	0.000760108	0.0014404	5.01876	0.0038148	0.5324
2.43	0.00077464	0.00077464	0.00146601	5.01938	0.00388821	0.5346
2.44	0.00078943	0.00078943	0.00149202	5.01991	0.00396287	0.5368
2.45	0.000804482	0.000804482	0.00151846	5.02037	0.00403879	0.539
2.46	0.0008198	0.0008198	0.00154532	5.02073	0.004116	0.5412
2.47	0.000835389	0.000835389	0.00157262	5.02102	0.00419451	0.5434
2.48	0.000851254	0.000851254	0.00160036	5.02122	0.00427434	0.5456
2.49	0.000867398	0.000867398	0.00162854	5.02134	0.0043555	0.5478
2.5	0.000883826	0.000883826	0.00165717	5.02138	0.00443803	0.55
2.51	0.000900543	0.000900543	0.00168627	5.02134	0.00452194	0.5522
2.52	0.000917553	0.000917553	0.00171582	5.02122	0.00460724	0.5544
2.53	0.000934861	0.000934861	0.00174585	5.02103	0.00469396	0.5566
2.54	0.000952472	0.000952472	0.00177636	5.02075	0.00478212	0.5588
2.55	0.00097039	0.00097039	0.00180735	5.02039	0.00487174	0.561
2.56	0.000988621	0.000988621	0.00183883	5.01996	0.00496284	0.5632
2.57	0.00100717	0.00100717	0.00187082	5.01945	0.00505543	0.5654
2.58	0.00102604	0.00102604	0.0019033	5.01887	0.00514955	0.5676
2.59	0.00104524	0.00104524	0.0019363	5.01821	0.00524521	0.5698
2.6	0.00106477	0.00106477	0.00196982	5.01747	0.00534244	0.572
2.61	0.00108463	0.00108463	0.00200386	5.01666	0.00544125	0.5742
2.62	0.00110485	0.00110485	0.00203844	5.01578	0.00554166	0.5764
2.63	0.0011254	0.0011254	0.00207356	5.01483	0.00564371	0.5786
2.64	0.00114632	0.00114632	0.00210923	5.0138	0.00574741	0.5808
2.65	0.00116759	0.00116759	0.00214545	5.0127	0.00585278	0.583
2.66	0.00118923	0.00118923	0.00218224	5.01153	0.00595986	0.5852
2.67	0.00121124	0.00121124	0.00221959	5.01029	0.00606865	0.5874
2.68	0.00123362	0.00123362	0.00225753	5.00898	0.00617919	0.5896
2.69	0.00125639	0.00125639	0.00229605	5.0076	0.0062915	0.5918
2.7	0.00127955	0.00127955	0.00233517	5.00615	0.0064056	0.594
2.71	0.0013031	0.0013031	0.00237489	5.00463	0.00652151	0.5962
2.72	0.00132705	0.00132705	0.00241522	5.00305	0.00663927	0.5984
2.73	0.0013514	0.0013514	0.00245617	5.00139	0.00675889	0.6006
2.74	0.00137617	0.00137617	0.00249775	4.99967	0.00688041	0.6028
2.75	0.00140136	0.00140136	0.00253996	4.99789	0.00700384	0.605
2.76	0.00142697	0.00142697	0.00258282	4.99604	0.00712921	0.6072
2.77	0.00145302	0.00145302	0.00262633	4.99413	0.00725655	0.6094
2.78	0.0014795	0.0014795	0.0026705	4.99215	0.00738589	0.6116
2.79	0.00150643	0.00150643	0.00271534	4.9901	0.00751724	0.6138
2.8	0.00153381	0.00153381	0.00276086	4.988	0.00765064	0.616
2.81	0.00156165	0.00156165	0.00280707	4.98583	0.00778612	0.6182
2.82	0.00158995	0.00158995	0.00285397	4.9836	0.00792369	0.6204
2.83	0.00161873	0.00161873	0.00290158	4.9813	0.00806339	0.6226
2.84	0.00164799	0.00164799	0.0029499	4.97895	0.00820525	0.6248
2.85	0.00167773	0.00167773	0.00299895	4.97654	0.00834929	0.627
2.86	0.00170797	0.00170797	0.00304873	4.97406	0.00849554	0.6292
2.87	0.00173871	0.00173871	0.00309925	4.97153	0.00864404	0.6314
2.88	0.00176996	0.00176996	0.00315052	4.96893	0.0087948	0.6336
2.89	0.00180172	0.00180172	0.00320256	4.96628	0.00894786	0.6358
2.9	0.00183401	0.00183401	0.00325537	4.96357	0.00910324	0.638
2.91	0.00186683	0.00186683	0.00330896	4.9608	0.00926099	0.6402
2.92	0.00190019	0.00190019	0.00336334	4.95798	0.00942112	0.6424
2.93	0.0019341	0.0019341	0.00341852	4.9551	0.00958367	0.6446
2.94	0.00196857	0.00196857	0.00347452	4.95216	0.00974866	0.6468
2.95	0.00200359	0.00200359	0.00353134	4.94917	0.00991613	0.649
2.96	0.0020392	0.0020392	0.00358898	4.94612	0.0100861	0.6512
2.97	0.00207538	0.00207538	0.00364747	4.94302	0.0102586	0.6534
2.98	0.00211215	0.00211215	0.00370682	4.93987	0.0104337	0.6556
2.99	0.00214952	0.00214952	0.00376703	4.93666	0.0106114	0.6578
3	0.00218749	0.00218749	0.00382811	4.93339	0.0107918	0.66
3.01	0.00222608	0.00222608	0.00389008	4.93008	0.0109748	0.6622
3.02	0.0022653	0.0022653	0.00395294	4.92671	0.0111605	0.6644
3.03	0.00230514	0.00230514	0.00401671	4.92329	0.0113489	0.6666
3.04	0.00234563	0.00234563	0.0040814	4.91982	0.0115401	0.6688
3.05	0.00238677	0.00238677	0.00414702	4.9163	0.0117341	0.671
3.06	0.00242858	0.00242858	0.00421358	4.91273	0.0119309	0.6732
3.07	0.00247105	0.00247105	0.00428109	4.90911	0.0121306	0.6754
3.08	0.0025142	0.0025142	0.00434957	4.90544	0.0123333	0.6776
3.09	0.00255804	0.00255804	0.00441902	4.90172	0.0125388	0.6798
3.1	0.00260259	0.00260259	0.00448946	4.89795	0.0127473	0.682
3.11	0.00264784	0.00264784	0.0045609	4.89414	0.0129589	0.6842
3.12	0.00269381	0.00269381	0.00463335	4.89027	0.0131734	0.6864
3.13	0.00274051	0.00274051	0.00470682	4.88636	0.0133911	0.6886
3.14	0.00278795	0.00278795	0.00478133	4.8824	0.0136119	0.6908
3.15	0.00283614	0.00283614	0.00485688	4.8784	0.0138358	0.693
3.16	0.00288509	0.00288509	0.0049335	4.87435	0.0140629	0.6952
3.17	0.00293481	0.00293481	0.00501119	4.87026	0.0142933	0.6974
3.18	0.00298532	0.00298532	0.00508996	4.86612	0.0145269	0.6996
3.19	0.00303661	0.00303661	0.00516983	4.86193	0.0147638	0.7018
3.2	0.00308872	0.00308872	0.00525082	4.8577	0.0150041	0.704
3.21	0.00314163	0.00314163	0.00533292	4.85343	0.0152477	0.7062
3.22	0.00319538	0.00319538	0.00541617	4.84912	0.0154948	0.7084
3.23	0.00324996	0.00324996	0.00550056	4.84476	0.0157453	0.7106
3.24	0.00330539	0.00330539	0.00558611	4.84036	0.0159993	0.7128
3.25	0.00336169	0.00336169	0.00567285	4.83591	0.0162568	0.715
3.26	0.00341885	0.00341885	0.00576077	4.83143	0.0165179	0.7172
3.27	0.00347691	0.00347691	0.00584989	4.8269	0.0167827	0.7194
3.28	0.00353586	0.00353586	0.00594024	4.82234	0.0170511	0.7216
3.29	0.00359571	0.00359571	0.00603181	4.81773	0.0173232	0.7238
3.3	0.0036565	0.0036565	0.00612463	4.81308	0.017599	0.726
3.31	0.00371821	0.00371821	0.00621871	4.80839	0.0178786	0.7282
3.32	0.00378087	0.00378087	0.00631406	4.80367	0.0181621	0.7304
3.33	0.0038445	0.0038445	0.0064107	4.7989	0.0184494	0.7326
3.34	0.00390909	0.00390909	0.00650864	4.7941	0.0187406	0.7348
3.35	0.00397467	0.00397467	0.0066079	4.78926	0.0190357	0.737
3.36	0.00404125	0.00404125	0.00670848	4.78438	0.0193349	0.7392
3.37	0.00410885	0.00410885	0.00681042	4.77946	0.0196381	0.7414
3.38	0.00417747	0.00417747	0.00691371	4.77451	0.0199453	0.7436
3.39	0.00424713	0.00424713	0.00701838	4.76952	0.0202567	0.7458
3.4	0.00431784	0.00431784	0.00712444	4.76449	0.0205723	0.748
3.41	0.00438962	0.00438962	0.0072319	4.75943	0.0208921	0.7502
3.42	0.00446248	0.00446248	0.00734078	4.75433	0.0212161	0.7524
3.43	0.00453644	0.00453644	0.0074511	4.7492	0.0215444	0.7546
3.44	0.00461151	0.00461151	0.00756288	4.74403	0.0218771	0.7568
3.45	0.0046877	0.0046877	0.00767611	4.73882	0.0222142	0.759
3.46	0.00476504	0.00476504	0.00779084	4.73359	0.0225557	0.7612
3.47	0.00484353	0.00484353	0.00790705	4.72832	0.0229017	0.7634
3.48	0.00492318	0.00492318	0.00802479	4.72301	0.0232523	0.7656
3.49	0.00500403	0.00500403	0.00814405	4.71768	0.0236074	0.7678
3.5	0.00508607	0.00508607	0.00826486	4.71231	0.0239671	0.77
3.51	0.00516933	0.00516933	0.00838724	4.70691	0.0243315	0.7722
3.52	0.00525382	0.00525382	0.00851119	4.70147	0.0247007	0.7744
3.53	0.00533956	0.00533956	0.00863673	4.69601	0.0250746	0.7766
3.54	0.00542656	0.00542656	0.00876389	4.69051	0.0254533	0.7788
3.55	0.00551484	0.00551484	0.00889268	4.68498	0.0258369	0.781
3.56	0.00560442	0.00560442	0.00902311	4.67943	0.0262255	0.7832
3.57	0.00569531	0.00569531	0.00915521	4.67384	0.0266189	0.7854
3.58	0.00578753	0.00578753	0.00928898	4.66822	0.0270175	0.7876
3.59	0.00588109	0.00588109	0.00942445	4.66257	0.027421	0.7898
3.6	0.00597602	0.00597602	0.00956164	4.65689	0.0278297	0.792
3.61	0.00607233	0.00607233	0.00970055	4.65119	0.0282436	0.7942
3.62	0.00617004	0.00617004	0.00984121	4.64545	0.0286626	0.7964
3.63	0.00626916	0.00626916	0.00998364	4.63969	0.029087	0.7986
3.64	0.00636972	0.00636972	0.0101279	4.6339	0.0295166	0.8008
3.65	0.00647173	0.00647173	0.0102739	4.62808	0.0299517	0.803
3.66	0.0065752	0.0065752	0.0104217	4.62223	0.0303921	0.8052
3.67	0.00668017	0.00668017	0.0105714	4.61636	0.0308381	0.8074
3.68	0.00678664	0.00678664	0.0107229	4.61046	0.0312895	0.8096
3.69	0.00689463	0.00689463	0.0108763	4.60453	0.0317466	0.8118
3.7	0.00700417	0.00700417	0.0110316	4.59858	0.0322092	0.814
3.71	0.00711527	0.00711527	0.0111888	4.5926	0.0326776	0.8162
3.72	0.00722795	0.00722795	0.0113479	4.5866	0.0331517	0.8184
3.73	0.00734223	0.00734223	0.0115089	4.58057	0.0336316	0.8206
3.74	0.00745813	0.00745813	0.011672	4.57451	0.0341173	0.8228
3.75	0.00757568	0.00757568	0.011837	4.56844	0.034609	0.825
3.76	0.00769488	0.00769488	0.012004	4.56233	0.0351066	0.8272
3.77	0.00781576	0.00781576	0.0121731	4.5562	0.0356102	0.8294
3.78	0.00793835	0.00793835	0.0123441	4.55005	0.0361199	0.8316
3.79	0.00806265	0.00806265	0.0125173	4.54388	0.0366357	0.8338
3.8	0.0081887	0.0081887	0.0126925	4.53768	0.0371577	0.836
3.81	0.00831651	0.00831651	0.0128698	4.53146	0.0376859	0.8382
3.82	0.0084461	0.0084461	0.0130492	4.52522	0.0382204	0.8404
3.83	0.0085775	0.0085775	0.0132308	4.51895	0.0387613	0.8426
3.84	0.00871073	0.00871073	0.0134145	4.51266	0.0393086	0.8448
3.85	0.0088458	0.0088458	0.0136004	4.50635	0.0398623	0.847
3.86	0.00898274	0.00898274	0.0137885	4.50002	0.0404225	0.8492
3.87	0.00912158	0.00912158	0.0139788	4.49367	0.0409893	0.8514
3.88	0.00926233	0.00926233	0.0141714	4.48729	0.0415628	0.8536
3.89	0.00940501	0.00940501	0.0143662	4.4809	0.0421429	0.8558
3.9	0.00954966	0.00954966	0.0145632	4.47449	0.0427298	0.858
3.91	0.00969628	0.00969628	0.0147626	4.46805	0.0433235	0.8602
3.92	0.00984492	0.00984492	0.0149643	4.4616	0.043924	0.8624
3.93	0.00999558	0.00999558	0.0151683	4.45512	0.0445315	0.8646
3.94	0.0101483	0.0101483	0.0153747	4.44863	0.045146	0.8668
3.95	0.0103031	0.0103031	0.0155834	4.44211	0.0457675	0.869
3.96	0.01046	0.01046	0.0157945	4.43558	0.046396	0.8712
3.97	0.010619	0.010619	0.0160081	4.42903	0.0470318	0.8734
3.98	0.0107801	0.0107801	0.0162241	4.42246	0.0476748	0.8756
3.99	0.0109435	0.0109435	0.0164426	4.41588	0.048325	0.8778
4	0.011109	0.011109	0.0166635	4.40927	0.0489826	0.88
4.01	0.0112767	0.0112767	0.0168869	4.40265	0.0496475	0.8822
4.02	0.0114467	0.0114467	0.0171129	4.39601	0.05032	0.8844
4.03	0.011619	0.011619	0.0173414	4.38935	0.0509999	0.8866
4.04	0.0117936	0.0117936	0.0175724	4.38268	0.0516874	0.8888
4.05	0.0119705	0.0119705	0.0178061	4.37599	0.0523826	0.891
4.06	0.0121497	0.0121497	0.0180423	4.36928	0.0530855	0.8932
4.07	0.0123313	0.0123313	0.0182812	4.36256	0.0537961	0.8954
4.08	0.0125153	0.0125153	0.0185227	4.35582	0.0545145	0.8976
4.09	0.0127018	0.0127018	0.0187669	4.34906	0.0552408	0.8998
4.1	0.0128907	0.0128907	0.0190138	4.34229	0.0559751	0.902
4.11	0.0130821	0.0130821	0.0192634	4.3355	0.0567174	0.9042
4.12	0.013276	0.013276	0.0195157	4.3287	0.0574677	0.9064
4.13	0.0134724	0.0134724	0.0197707	4.32189	0.0582262	0.9086
4.14	0.0136714	0.0136714	0.0200286	4.31506	0.0589928	0.9108
4.15	0.013873	0.013873	0.0202892	4.30821	0.0597677	0.913
4.16	0.0140772	0.0140772	0.0205527	4.30135	0.060551	0.9152
4.17	0.014284	0.014284	0.020819	4.29448	0.0613425	0.9174
4.18	0.0144936	0.0144936	0.0210881	4.2876	0.0621426	0.9196
4.19	0.0147058	0.0147058	0.0213602	4.2807	0.0629511	0.9218
4.2	0.0149208	0.0149208	0.0216351	4.27378	0.0637682	0.924
4.21	0.0151385	0.0151385	0.021913	4.26686	0.0645939	0.9262
4.22	0.0153591	0.0153591	0.0221938	4.25992	0.0654283	0.9284
4.23	0.0155824	0.0155824	0.0224776	4.25297	0.0662715	0.9306
4.24	0.0158086	0.0158086	0.0227644	4.246	0.0671234	0.9328
4.25	0.0160377	0.0160377	0.0230542	4.23903	0.0679843	0.935
4.26	0.0162697	0.0162697	0.023347	4.23204	0.0688541	0.9372
4.27	0.0165047	0.0165047	0.0236429	4.22504	0.0697329	0.9394
4.28	0.0167426	0.0167426	0.0239419	4.21803	0.0706207	0.9416
4.29	0.0169835	0.0169835	0.024244	4.21101	0.0715177	0.9438
4.3	0.0172275	0.0172275	0.0245491	4.20397	0.0724238	0.946
4.31	0.0174745	0.0174745	0.0248575	4.19693	0.0733392	0.9482
4.32	0.0177246	0.0177246	0.025169	4.18987	0.0742639	0.9504
4.33	0.0179779	0.0179779	0.0254837	4.18281	0.075198	0.9526
4.34	0.0182343	0.0182343	0.0258016	4.17573	0.0761416	0.9548
4.35	0.0184939	0.0184939	0.0261227	4.16864	0.0770946	0.957
4.36	0.0187568	0.0187568	0.0264471	4.16155	0.0780572	0.9592
4.37	0.0190229	0.0190229	0.0267747	4.15444	0.0790295	0.9614
4.38	0.0192923	0.0192923	0.0271057	4.14733	0.0800114	0.9636
4.39	0.019565	0.019565	0.0274399	4.1402	0.0810031	0.9658
4.4	0.0198411	0.0198411	0.0277775	4.13307	0.0820045	0.968
4.41	0.0201206	0.0201206	0.0281185	4.12592	0.0830159	0.9702
4.42	0.0204035	0.0204035	0.0284628	4.11877	0.0840372	0.9724
4.43	0.0206898	0.0206898	0.0288106	4.11161	0.0850685	0.9746
4.44	0.0209797	0.0209797	0.0291618	4.10444	0.0861099	0.9768
4.45	0.0212731	0.0212731	0.0295164	4.09726	0.0871614	0.979
4.46	0.02157	0.02157	0.0298745	4.09008	0.0882231	0.9812
4.47	0.0218706	0.0218706	0.0302361	4.08288	0.0892951	0.9834
4.48	0.0221748	0.0221748	0.0306012	4.07568	0.0903773	0.9856
4.49	0.0224826	0.0224826	0.0309698	4.06847	0.0914699	0.9878
4.5	0.0227942	0.0227942	0.031342	4.06126	0.092573	0.99
4.51	0.0231095	0.0231095	0.0317178	4.05403	0.0936866	0.9922
4.52	0.0234285	0.0234285	0.0320971	4.0468	0.0948107	0.9944
4.53	0.0237514	0.0237514	0.0324801	4.03956	0.0959454	0.9966
4.54	0.0240782	0.0240782	0.0328667	4.03232	0.0970909	0.9988
4.55	0.0244088	0.0244088	0.033257	4.02507	0.098247	1.001
4.56	0.0247433	0.0247433	0.0336509	4.01781	0.099414	1.0032
4.57	0.0250818	0.0250818	0.0340486	4.01055	0.100592	1.0054
4.58	0.0254243	0.0254243	0.0344499	4.00328	0.101781	1.0076
4.59	0.0257708	0.0257708	0.034855	3.996	0.10298	1.0098
4.6	0.0261214	0.0261214	0.0352639	3.98872	0.104191	1.012
4.61	0.0264761	0.0264761	0.0356766	3.98144	0.105413	1.0142
4.62	0.026835	0.026835	0.036093	3.97414	0.106646	1.0164
4.63	0.027198	0.027198	0.0365133	3.96685	0.10789	1.0186
4.64	0.0275652	0.0275652	0.0369374	3.95955	0.109146	1.0208
4.65	0.0279367	0.0279367	0.0373654	3.95224	0.110413	1.023
4.66	0.0283126	0.0283126	0.0377973	3.94493	0.111691	1.0252
4.67	0.0286927	0.0286927	0.038233	3.93761	0.112981	1.0274
4.68	0.0290772	0.0290772	0.0386727	3.93029	0.114282	1.0296
4.69	0.0294662	0.0294662	0.0391163	3.92296	0.115595	1.0318
4.7	0.0298596	0.0298596	0.0395639	3.91563	0.116919	1.034
4.71	0.0302575	0.0302575	0.0400155	3.9083	0.118255	1.0362
4.72	0.0306599	0.0306599	0.0404711	3.90096	0.119603	1.0384
4.73	0.0310669	0.0310669	0.0409306	3.89362	0.120963	1.0406
4.74	0.0314785	0.0314785	0.0413942	3.88628	0.122334	1.0428
4.75	0.0318948	0.0318948	0.0418619	3.87893	0.123718	1.045
4.76	0.0323158	0.0323158	0.0423337	3.87158	0.125113	1.0472
4.77	0.0327415	0.0327415	0.0428095	3.86423	0.12652	1.0494
4.78	0.033172	0.033172	0.0432894	3.85687	0.12794	1.0516
4.79	0.0336073	0.0336073	0.0437735	3.84951	0.129371	1.0538
4.8	0.0340475	0.0340475	0.0442617	3.84215	0.130815	1.056
4.81	0.0344925	0.0344925	0.0447541	3.83478	0.132271	1.0582
4.82	0.0349425	0.0349425	0.0452506	3.82741	0.13374	1.0604
4.83	0.0353976	0.0353976	0.0457513	3.82004	0.13522	1.0626
4.84	0.0358576	0.0358576	0.0462563	3.81267	0.136713	1.0648
4.85	0.0363227	0.0363227	0.0467655	3.8053	0.138219	1.067
4.86	0.0367929	0.0367929	0.0472789	3.79792	0.139737	1.0692
4.87	0.0372683	0.0372683	0.0477966	3.79054	0.141267	1.0714
4.88	0.0377489	0.0377489	0.0483185	3.78316	0.14281	1.0736
4.89	0.0382347	0.0382347	0.0488448	3.77578	0.144366	1.0758
4.9	0.0387258	0.0387258	0.0493754	3.7684	0.145934	1.078
4.91	0.0392222	0.0392222	0.0499102	3.76101	0.147515	1.0802
4.92	0.039724	0.039724	0.0504495	3.75363	0.149109	1.0824
4.93	0.0402312	0.0402312	0.050993	3.74624	0.150716	1.0846
4.94	0.0407439	0.0407439	0.051541	3.73886	0.152336	1.0868
4.95	0.041262	0.041262	0.0520933	3.73147	0.153968	1.089
4.96	0.0417857	0.0417857	0.05265	3.72408	0.155614	1.0912
4.97	0.042315	0.042315	0.0532112	3.71669	0.157272	1.0934
4.98	0.04285	0.04285	0.0537767	3.70931	0.158944	1.0956
4.99	0.0433906	0.0433906	0.0543467	3.70192	0.160628	1.0978
5	0.0439369	0.0439369	0.0549212	3.69453	0.162326	1.1
5.01	0.044489	0.044489	0.0555001	3.68714	0.164037	1.1022
5.02	0.0450469	0.0450469	0.0560835	3.67975	0.165762	1.1044
5.03	0.0456107	0.0456107	0.0566713	3.67236	0.167499	1.1066
5.04	0.0461804	0.0461804	0.0572637	3.66497	0.16925	1.1088
5.05	0.046756	0.046756	0.0578606	3.65759	0.171014	1.111
5.06	0.0473376	0.0473376	0.058462	3.6502	0.172792	1.1132
5.07	0.0479253	0.0479253	0.0590679	3.64281	0.174583	1.1154
5.08	0.048519	0.048519	0.0596784	3.63543	0.176387	1.1176
5.09	0.0491188	0.0491188	0.0602934	3.62804	0.178205	1.1198
5.1	0.0497249	0.0497249	0.060913	3.62066	0.180037	1.122
5.11	0.0503371	0.0503371	0.0615371	3.61327	0.181882	1.1242
5.12	0.0509556	0.0509556	0.0621659	3.60589	0.183741	1.1264
5.13	0.0515805	0.0515805	0.0627992	3.59851	0.185613	1.1286
5.14	0.0522116	0.0522116	0.0634371	3.59113	0.187499	1.1308
5.15	0.0528492	0.0528492	0.0640797	3.58376	0.189399	1.133
5.16	0.0534932	0.0534932	0.0647268	3.57638	0.191312	1.1352
5.17	0.0541438	0.0541438	0.0653786	3.56901	0.19324	1.1374
5.18	0.0548008	0.0548008	0.066035	3.56164	0.195181	1.1396
5.19	0.0554645	0.0554645	0.066696	3.55427	0.197136	1.1418
5.2	0.0561348	0.0561348	0.0673617	3.5469	0.199104	1.144
5.21	0.0568117	0.0568117	0.068032	3.53953	0.201087	1.1462
5.22	0.0574954	0.0574954	0.068707	3.53217	0.203084	1.1484
5.23	0.0581859	0.0581859	0.0693867	3.52481	0.205094	1.1506
5.24	0.0588832	0.0588832	0.070071	3.51745	0.207119	1.1528
5.25	0.0595873	0.0595873	0.0707599	3.51009	0.209157	1.155
5.26	0.0602984	0.0602984	0.0714536	3.50274	0.21121	1.1572
5.27	0.0610164	0.0610164	0.0721519	3.49539	0.213276	1.1594
5.28	0.0617414	0.0617414	0.0728549	3.48804	0.215357	1.1616
5.29	0.0624735	0.0624735	0.0735626	3.4807	0.217452	1.1638
5.3	0.0632127	0.0632127	0.0742749	3.47336	0.21956	1.166
5.31	0.063959	0.063959	0.074992	3.46602	0.221683	1.1682
5.32	0.0647126	0.0647126	0.0757137	3.45868	0.22382	1.1704
5.33	0.0654733	0.0654733	0.0764401	3.45135	0.225972	1.1726
5.34	0.0662414	0.0662414	0.0771712	3.44402	0.228137	1.1748
5.35	0.0670168	0.0670168	0.077907	3.4367	0.230316	1.177
5.36	0.0677995	0.0677995	0.0786475	3.42938	0.23251	1.1792
5.37	0.0685897	0.0685897	0.0793926	3.42206	0.234718	1.1814
5.38	0.0693874	0.0693874	0.0801424	3.41475	0.23694	1.1836
5.39	0.0701926	0.0701926	0.080897	3.40744	0.239177	1.1858
5.4	0.0710054	0.0710054	0.0816562	3.40013	0.241427	1.188
5.41	0.0718257	0.0718257	0.08242	3.39283	0.243692	1.1902
5.42	0.0726538	0.0726538	0.0831886	3.38553	0.245972	1.1924
5.43	0.0734895	0.0734895	0.0839618	3.37824	0.248265	1.1946
5.44	0.074333	0.074333	0.0847396	3.37095	0.250573	1.1968
5.45	0.0751843	0.0751843	0.0855222	3.36366	0.252895	1.199
5.46	0.0760435	0.0760435	0.0863093	3.35638	0.255231	1.2012
5.47	0.0769105	0.0769105	0.0871012	3.34911	0.257582	1.2034
5.48	0.0777855	0.0777855	0.0878976	3.34183	0.259946	1.2056
5.49	0.0786685	0.0786685	0.0886987	3.33457	0.262325	1.2078
5.5	0.0795595	0.0795595	0.0895044	3.32731	0.264719	1.21
5.51	0.0804586	0.0804586	0.0903148	3.32005	0.267126	1.2122
5.52	0.0813658	0.0813658	0.0911297	3.3128	0.269548	1.2144
5.53	0.0822812	0.0822812	0.0919493	3.30555	0.271985	1.2166
5.54	0.0832048	0.0832048	0.0927734	3.29831	0.274435	1.2188
5.55	0.0841367	0.0841367	0.0936021	3.29107	0.2769	1.221
5.56	0.0850769	0.0850769	0.0944353	3.28384	0.279379	1.2232
5.57	0.0860254	0.0860254	0.0952731	3.27661	0.281872	1.2254
5.58	0.0869824	0.0869824	0.0961155	3.26939	0.284379	1.2276
5.59	0.0879477	0.0879477	0.0969624	3.26218	0.286901	1.2298
5.6	0.0889216	0.0889216	0.0978138	3.25496	0.289437	1.232
5.61	0.089904	0.089904	0.0986697	3.24776	0.291987	1.2342
5.62	0.090895	0.090895	0.0995301	3.24056	0.294551	1.2364
5.63	0.0918946	0.0918946	0.100395	3.23337	0.297129	1.2386
5.64	0.0929029	0.0929029	0.101264	3.22618	0.299722	1.2408
5.65	0.0939199	0.0939199	0.102138	3.219	0.302328	1.243
5.66	0.0949457	0.0949457	0.103016	3.21182	0.304949	1.2452
5.67	0.0959803	0.0959803	0.103899	3.20465	0.307584	1.2474
5.68	0.0970237	0.0970237	0.104786	3.19749	0.310232	1.2496
5.69	0.098076	0.098076	0.105677	3.19033	0.312895	1.2518
5.7	0.0991373	0.0991373	0.106573	3.18318	0.315572	1.254
5.71	0.100207	0.100207	0.107473	3.17604	0.318263	1.2562
5.72	0.101287	0.101287	0.108377	3.1689	0.320967	1.2584
5.73	0.102375	0.102375	0.109285	3.16177	0.323686	1.2606
5.74	0.103472	0.103472	0.110198	3.15464	0.326418	1.2628
5.75	0.104579	0.104579	0.111115	3.14752	0.329164	1.265
5.76	0.105695	0.105695	0.112036	3.14041	0.331925	1.2672
5.77	0.10682	0.10682	0.112962	3.1333	0.334698	1.2694
5.78	0.107954	0.107954	0.113891	3.1262	0.337486	1.2716
5.79	0.109098	0.109098	0.114825	3.11911	0.340287	1.2738
5.8	0.110251	0.110251	0.115763	3.11202	0.343102	1.276
5.81	0.111413	0.111413	0.116705	3.10494	0.345931	1.2782
5.82	0.112585	0.112585	0.117651	3.09787	0.348773	1.2804
5.83	0.113766	0.113766	0.118601	3.09081	0.351628	1.2826
5.84	0.114957	0.114957	0.119555	3.08375	0.354497	1.2848
5.85	0.116157	0.116157	0.120513	3.0767	0.35738	1.287
5.86	0.117367	0.117367	0.121475	3.06965	0.360276	1.2892
5.87	0.118587	0.118587	0.122441	3.06262	0.363185	1.2914
5.88	0.119816	0.119816	0.12341	3.05559	0.366107	1.2936
5.89	0.121055	0.121055	0.124384	3.04856	0.369043	1.2958
5.9	0.122303	0.122303	0.125361	3.04155	0.371992	1.298
5.91	0.123562	0.123562	0.126342	3.03454	0.374954	1.3002
5.92	0.12483	0.12483	0.127327	3.02754	0.377929	1.3024
5.93	0.126109	0.126109	0.128315	3.02055	0.380917	1.3046
5.94	0.127397	0.127397	0.129308	3.01357	0.383918	1.3068
5.95	0.128695	0.128695	0.130303	3.00659	0.386932	1.309
5.96	0.130003	0.130003	0.131303	2.99962	0.389959	1.3112
5.97	0.131321	0.131321	0.132306	2.99266	0.392998	1.3134
5.98	0.132649	0.132649	0.133312	2.9857	0.39605	1.3156
5.99	0.133987	0.133987	0.134322	2.97876	0.399115	1.3178
6	0.135335	0.135335	0.135335	2.97182	0.402192	1.32
6.01	0.136694	0.136694	0.136352	2.96489	0.405282	1.3222
6.02	0.138062	0.138062	0.137372	2.95797	0.408384	1.3244
6.03	0.139441	0.139441	0.138395	2.95105	0.411498	1.3266
6.04	0.14083	0.14083	0.139422	2.94415	0.414625	1.3288
6.05	0.14223	0.14223	0.140452	2.93725	0.417764	1.331
6.06	0.143639	0.143639	0.141485	2.93036	0.420915	1.3332
6.07	0.145059	0.145059	0.142521	2.92348	0.424078	1.3354
6.08	0.14649	0.14649	0.14356	2.9166	0.427252	1.3376
6.09	0.147931	0.147931	0.144602	2.90974	0.430439	1.3398
6.1	0.149382	0.149382	0.145647	2.90288	0.433638	1.342
6.11	0.150843	0.150843	0.146695	2.89603	0.436848	1.3442
6.12	0.152316	0.152316	0.147746	2.88919	0.440069	1.3464
6.13	0.153798	0.153798	0.1488	2.88236	0.443303	1.3486
6.14	0.155292	0.155292	0.149856	2.87554	0.446547	1.3508
6.15	0.156796	0.156796	0.150916	2.86872	0.449803	1.353
6.16	0.15831	0.15831	0.151978	2.86192	0.45307	1.3552
6.17	0.159835	0.159835	0.153042	2.85512	0.456348	1.3574
6.18	0.161371	0.161371	0.154109	2.84833	0.459638	1.3596
6.19	0.162917	0.162917	0.155179	2.84155	0.462938	1.3618
6.2	0.164474	0.164474	0.156251	2.83478	0.466249	1.364
6.21	0.166042	0.166042	0.157325	2.82802	0.469571	1.3662
6.22	0.167621	0.167621	0.158402	2.82126	0.472903	1.3684
6.23	0.16921	0.16921	0.159481	2.81452	0.476246	1.3706
6.24	0.170811	0.170811	0.160562	2.80778	0.479599	1.3728
6.25	0.172422	0.172422	0.161645	2.80106	0.482963	1.375
6.26	0.174044	0.174044	0.162731	2.79434	0.486336	1.3772
6.27	0.175676	0.175676	0.163818	2.78763	0.48972	1.3794
6.28	0.17732	0.17732	0.164907	2.78093	0.493114	1.3816
6.29	0.178974	0.178974	0.165999	2.77424	0.496518	1.3838
6.3	0.18064	0.18064	0.167092	2.76756	0.499931	1.386
6.31	0.182316	0.182316	0.168187	2.76088	0.503354	1.3882
6.32	0.184004	0.184004	0.169283	2.75422	0.506786	1.3904
6.33	0.185702	0.185702	0.170382	2.74757	0.510228	1.3926
6.34	0.187411	0.187411	0.171481	2.74092	0.513679	1.3948
6.35	0.189132	0.189132	0.172583	2.73428	0.517139	1.397
6.36	0.190863	0.190863	0.173685	2.72766	0.520609	1.3992
6.37	0.192605	0.192605	0.174789	2.72104	0.524087	1.4014
6.38	0.194359	0.194359	0.175895	2.71443	0.527574	1.4036
6.39	0.196123	0.196123	0.177001	2.70783	0.531069	1.4058
6.4	0.197899	0.197899	0.178109	2.70125	0.534573	1.408
6.41	0.199685	0.199685	0.179218	2.69467	0.538085	1.4102
6.42	0.201483	0.201483	0.180327	2.6881	0.541606	1.4124
6.43	0.203292	0.203292	0.181438	2.68154	0.545134	1.4146
6.44	0.205112	0.205112	0.18255	2.67498	0.548671	1.4168
6.45	0.206943	0.206943	0.183662	2.66844	0.552215	1.419
6.46	0.208785	0.208785	0.184775	2.66191	0.555767	1.4212
6.47	0.210638	0.210638	0.185888	2.65539	0.559327	1.4234
6.48	0.212503	0.212503	0.187002	2.64888	0.562894	1.4256
6.49	0.214378	0.214378	0.188117	2.64237	0.566468	1.4278
6.5	0.216265	0.216265	0.189232	2.63588	0.570049	1.43
6.51	0.218163	0.218163	0.190347	2.6294	0.573637	1.4322
6.52	0.220072	0.220072	0.191463	2.62292	0.577232	1.4344
6.53	0.221992	0.221992	0.192578	2.61646	0.580834	1.4366
6.54	0.223924	0.223924	0.193694	2.61	0.584442	1.4388
6.55	0.225866	0.225866	0.19481	2.60356	0.588056	1.441
6.56	0.22782	0.22782	0.195925	2.59713	0.591677	1.4432
6.57	0.229785	0.229785	0.19704	2.5907	0.595304	1.4454
6.58	0.231761	0.231761	0.198155	2.58429	0.598936	1.4476
6.59	0.233748	0.233748	0.19927	2.57788	0.602574	1.4498
6.6	0.235746	0.235746	0.200384	2.57149	0.606218	1.452
6.61	0.237755	0.237755	0.201498	2.5651	0.609867	1.4542
6.62	0.239776	0.239776	0.202611	2.55873	0.613522	1.4564
6.63	0.241808	0.241808	0.203723	2.55236	0.617181	1.4586
6.64	0.24385	0.24385	0.204834	2.54601	0.620845	1.4608
6.65	0.245904	0.245904	0.205945	2.53966	0.624514	1.463
6.66	0.247969	0.247969	0.207054	2.53333	0.628188	1.4652
6.67	0.250045	0.250045	0.208163	2.527	0.631866	1.4674
6.68	0.252133	0.252133	0.20927	2.52069	0.635548	1.4696
6.69	0.254231	0.254231	0.210376	2.51439	0.639235	1.4718
6.7	0.25634	0.25634	0.211481	2.50809	0.642925	1.474
6.71	0.25846	0.25846	0.212584	2.50181	0.646619	1.4762
6.72	0.260592	0.260592	0.213685	2.49553	0.650316	1.4784
6.73	0.262734	0.262734	0.214785	2.48927	0.654017	1.4806
6.74	0.264888	0.264888	0.215883	2.48302	0.657721	1.4828
6.75	0.267052	0.267052	0.21698	2.47678	0.661427	1.485
6.76	0.269227	0.269227	0.218074	2.47054	0.665137	1.4872
6.77	0.271413	0.271413	0.219166	2.46432	0.668849	1.4894
6.78	0.27361	0.27361	0.220256	2.45811	0.672564	1.4916
6.79	0.275818	0.275818	0.221344	2.45191	0.676281	1.4938
6.8	0.278037	0.278037	0.22243	2.44572	0.68	1.496
6.81	0.280267	0.280267	0.223513	2.43953	0.683721	1.4982
6.82	0.282508	0.282508	0.224594	2.43336	0.687444	1.5004
6.83	0.284759	0.284759	0.225671	2.4272	0.691168	1.5026
6.84	0.287021	0.287021	0.226747	2.42105	0.694893	1.5048
6.85	0.289294	0.289294	0.227819	2.41491	0.69862	1.507
6.86	0.291577	0.291577	0.228888	2.40878	0.702347	1.5092
6.87	0.293872	0.293872	0.229954	2.40267	0.706075	1.5114
6.88	0.296176	0.296176	0.231018	2.39656	0.709804	1.5136
6.89	0.298492	0.298492	0.232077	2.39046	0.713533	1.5158
6.9	0.300818	0.300818	0.233134	2.38437	0.717262	1.518
6.91	0.303155	0.303155	0.234187	2.3783	0.720991	1.5202
6.92	0.305502	0.305502	0.235236	2.37223	0.72472	1.5224
6.93	0.307859	0.307859	0.236282	2.36617	0.728449	1.5246
6.94	0.310227	0.310227	0.237324	2.36013	0.732177	1.5268
6.95	0.312606	0.312606	0.238362	2.3541	0.735904	1.529
6.96	0.314995	0.314995	0.239396	2.34807	0.73963	1.5312
6.97	0.317394	0.317394	0.240426	2.34206	0.743354	1.5334
6.98	0.319803	0.319803	0.241451	2.33606	0.747078	1.5356
6.99	0.322223	0.322223	0.242473	2.33006	0.750799	1.5378
7	0.324652	0.324652	0.243489	2.32408	0.754519	1.54
7.01	0.327092	0.327092	0.244502	2.31811	0.758237	1.5422
7.02	0.329542	0.329542	0.245509	2.31215	0.761952	1.5444
7.03	0.332003	0.332003	0.246512	2.3062	0.765665	1.5466
7.04	0.334473	0.334473	0.24751	2.30026	0.769375	1.5488
7.05	0.336953	0.336953	0.248503	2.29433	0.773082	1.551
7.06	0.339443	0.339443	0.24949	2.28842	0.776786	1.5532
7.07	0.341943	0.341943	0.250473	2.28251	0.780487	1.5554
7.08	0.344452	0.344452	0.25145	2.27661	0.784184	1.5576
7.09	0.346972	0.346972	0.252422	2.27073	0.787878	1.5598
7.1	0.349501	0.349501	0.253388	2.26485	0.791567	1.562
7.11	0.352039	0.352039	0.254348	2.25899	0.795253	1.5642
7.12	0.354588	0.354588	0.255303	2.25314	0.798934	1.5664
7.13	0.357145	0.357145	0.256252	2.24729	0.80261	1.5686
7.14	0.359713	0.359713	0.257194	2.24146	0.806282	1.5708
7.15	0.362289	0.362289	0.258131	2.23564	0.809948	1.573
7.16	0.364875	0.364875	0.259061	2.22983	0.813609	1.5752
7.17	0.36747	0.36747	0.259985	2.22403	0.817265	1.5774
7.18	0.370075	0.370075	0.260903	2.21824	0.820915	1.5796
7.19	0.372688	0.372688	0.261814	2.21246	0.824559	1.5818
7.2	0.375311	0.375311	0.262718	2.2067	0.828197	1.584
7.21	0.377943	0.377943	0.263615	2.20094	0.831829	1.5862
7.22	0.380583	0.380583	0.264505	2.19519	0.835454	1.5884
7.23	0.383233	0.383233	0.265389	2.18946	0.839072	1.5906
7.24	0.385891	0.385891	0.266265	2.18373	0.842683	1.5928
7.25	0.388558	0.388558	0.267134	2.17802	0.846288	1.595
7.26	0.391234	0.391234	0.267995	2.17232	0.849884	1.5972
7.27	0.393918	0.393918	0.268849	2.16663	0.853473	1.5994
7.28	0.396611	0.396611	0.269695	2.16095	0.857054	1.6016
7.29	0.399312	0.399312	0.270534	2.15528	0.860627	1.6038
7.3	0.402021	0.402021	0.271364	2.14962	0.864192	1.606
7.31	0.404739	0.404739	0.272187	2.14397	0.867748	1.6082
7.32	0.407465	0.407465	0.273002	2.13833	0.871295	1.6104
7.33	0.410199	0.410199	0.273808	2.1327	0.874833	1.6126
7.34	0.412941	0.412941	0.274606	2.12709	0.878362	1.6148
7.35	0.415691	0.415691	0.275395	2.12148	0.881882	1.617
7.36	0.418449	0.418449	0.276176	2.11589	0.885392	1.6192
7.37	0.421215	0.421215	0.276949	2.11031	0.888892	1.6214
7.38	0.423988	0.423988	0.277712	2.10473	0.892382	1.6236
7.39	0.426769	0.426769	0.278467	2.09917	0.895861	1.6258
7.4	0.429557	0.429557	0.279212	2.09362	0.89933	1.628
7.41	0.432353	0.432353	0.279949	2.08808	0.902788	1.6302
7.42	0.435156	0.435156	0.280676	2.08255	0.906236	1.6324
7.43	0.437967	0.437967	0.281394	2.07703	0.909671	1.6346
7.44	0.440784	0.440784	0.282102	2.07153	0.913096	1.6368
7.45	0.443609	0.443609	0.282801	2.06603	0.916509	1.639
7.46	0.44644	0.44644	0.283489	2.06054	0.91991	1.6412
7.47	0.449278	0.449278	0.284169	2.05507	0.923299	1.6434
7.48	0.452123	0.452123	0.284838	2.04961	0.926675	1.6456
7.49	0.454975	0.454975	0.285497	2.04415	0.930039	1.6478
7.5	0.457833	0.457833	0.286146	2.03871	0.93339	1.65
7.51	0.460698	0.460698	0.286785	2.03328	0.936728	1.6522
7.52	0.463569	0.463569	0.287413	2.02786	0.940053	1.6544
7.53	0.466446	0.466446	0.288031	2.02245	0.943364	1.6566
7.54	0.46933	0.46933	0.288638	2.01705	0.946662	1.6588
7.55	0.472219	0.472219	0.289234	2.01166	0.949946	1.661
7.56	0.475114	0.475114	0.28982	2.00629	0.953216	1.6632
7.57	0.478015	0.478015	0.290394	2.00092	0.956471	1.6654
7.58	0.480922	0.480922	0.290958	1.99557	0.959712	1.6676
7.59	0.483834	0.483834	0.29151	1.99022	0.962938	1.6698
7.6	0.486752	0.486752	0.292051	1.98489	0.966149	1.672
7.61	0.489675	0.489675	0.292581	1.97957	0.969345	1.6742
7.62	0.492604	0.492604	0.293099	1.97426	0.972526	1.6764
7.63	0.495537	0.495537	0.293606	1.96895	0.975691	1.6786
7.64	0.498476	0.498476	0.294101	1.96366	0.97884	1.6808
7.65	0.501419	0.501419	0.294584	1.95839	0.981973	1.683
7.66	0.504368	0.504368	0.295055	1.95312	0.985089	1.6852
7.67	0.50732	0.50732	0.295514	1.94786	0.988189	1.6874
7.68	0.510278	0.510278	0.295961	1.94261	0.991273	1.6896
7.69	0.51324	0.51324	0.296396	1.93738	0.994339	1.6918
7.7	0.516206	0.516206	0.296818	1.93215	0.997389	1.694
7.71	0.519176	0.519176	0.297228	1.92694	1.00042	1.6962
7.72	0.52215	0.52215	0.297626	1.92174	1.00344	1.6984
7.73	0.525128	0.525128	0.29801	1.91654	1.00643	1.7006
7.74	0.52811	0.52811	0.298382	1.91136	1.00941	1.7028
7.75	0.531096	0.531096	0.298741	1.90619	1.01237	1.705
7.76	0.534085	0.534085	0.299088	1.90103	1.01531	1.7072
7.77	0.537078	0.537078	0.299421	1.89588	1.01824	1.7094
7.78	0.540074	0.540074	0.299741	1.89075	1.02114	1.7116
7.79	0.543072	0.543072	0.300048	1.88562	1.02403	1.7138
7.8	0.546074	0.546074	0.300341	1.8805	1.02689	1.716
7.81	0.549079	0.549079	0.300621	1.8754	1.02974	1.7182
7.82	0.552087	0.552087	0.300887	1.8703	1.03257	1.7204
7.83	0.555097	0.555097	0.30114	1.86522	1.03538	1.7226
7.84	0.55811	0.55811	0.301379	1.86014	1.03816	1.7248
7.85	0.561124	0.561124	0.301604	1.85508	1.04093	1.727
7.86	0.564142	0.564142	0.301816	1.85003	1.04368	1.7292
7.87	0.567161	0.567161	0.302013	1.84499	1.0464	1.7314
7.88	0.570182	0.570182	0.302196	1.83996	1.04911	1.7336
7.89	0.573205	0.573205	0.302365	1.83494	1.0518	1.7358
7.9	0.576229	0.576229	0.30252	1.82993	1.05446	1.738
7.91	0.579255	0.579255	0.302661	1.82493	1.0571	1.7402
7.92	0.582282	0.582282	0.302787	1.81994	1.05972	1.7424
7.93	0.585311	0.585311	0.302898	1.81497	1.06232	1.7446
7.94	0.58834	0.58834	0.302995	1.81	1.0649	1.7468
7.95	0.591371	0.591371	0.303077	1.80505	1.06745	1.749
7.96	0.594402	0.594402	0.303145	1.8001	1.06998	1.7512
7.97	0.597433	0.597433	0.303197	1.79517	1.07249	1.7534
7.98	0.600466	0.600466	0.303235	1.79025	1.07498	1.7556
7.99	0.603498	0.603498	0.303258	1.78533	1.07745	1.7578
8	0.606531	0.606531	0.303265	1.78043	1.07989	1.76
8.01	0.609563	0.609563	0.303258	1.77554	1.08231	1.7622
8.02	0.612596	0.612596	0.303235	1.77066	1.0847	1.7644
8.03	0.615628	0.615628	0.303197	1.76579	1.08707	1.7666
8.04	0.61866	0.61866	0.303143	1.76093	1.08942	1.7688
8.05	0.621691	0.621691	0.303074	1.75609	1.09174	1.771
8.06	0.624721	0.624721	0.30299	1.75125	1.09404	1.7732
8.07	0.62775	0.62775	0.30289	1.74642	1.09632	1.7754
8.08	0.630779	0.630779	0.302774	1.7416	1.09857	1.7776
8.09	0.633806	0.633806	0.302642	1.7368	1.10079	1.7798
8.1	0.636832	0.636832	0.302495	1.732	1.10299	1.782
8.11	0.639856	0.639856	0.302332	1.72722	1.10517	1.7842
8.12	0.642878	0.642878	0.302153	1.72245	1.10732	1.7864
8.13	0.645899	0.645899	0.301958	1.71768	1.10945	1.7886
8.14	0.648917	0.648917	0.301747	1.71293	1.11155	1.7908
8.15	0.651934	0.651934	0.301519	1.70819	1.11362	1.793
8.16	0.654948	0.654948	0.301276	1.70346	1.11567	1.7952
8.17	0.657959	0.657959	0.301016	1.69873	1.1177	1.7974
8.18	0.660968	0.660968	0.30074	1.69402	1.1197	1.7996
8.19	0.663974	0.663974	0.300448	1.68932	1.12167	1.8018
8.2	0.666977	0.666977	0.30014	1.68464	1.12361	1.804
8.21	0.669977	0.669977	0.299815	1.67996	1.12553	1.8062
8.22	0.672973	0.672973	0.299473	1.67529	1.12742	1.8084
8.23	0.675966	0.675966	0.299115	1.67063	1.12929	1.8106
8.24	0.678955	0.678955	0.29874	1.66598	1.13113	1.8128
8.25	0.681941	0.681941	0.298349	1.66135	1.13294	1.815
8.26	0.684922	0.684922	0.297941	1.65672	1.13472	1.8172
8.27	0.6879	0.6879	0.297517	1.6521	1.13648	1.8194
8.28	0.690872	0.690872	0.297075	1.6475	1.13821	1.8216
8.29	0.693841	0.693841	0.296617	1.6429	1.13991	1.8238
8.3	0.696805	0.696805	0.296142	1.63832	1.14159	1.826
8.31	0.699764	0.699764	0.29565	1.63374	1.14324	1.8282
8.32	0.702718	0.702718	0.295141	1.62918	1.14485	1.8304
8.33	0.705667	0.705667	0.294616	1.62463	1.14645	1.8326
8.34	0.70861	0.70861	0.294073	1.62008	1.14801	1.8348
8.35	0.711548	0.711548	0.293514	1.61555	1.14954	1.837
8.36	0.71448	0.71448	0.292937	1.61103	1.15105	1.8392
8.37	0.717407	0.717407	0.292343	1.60652	1.15253	1.8414
8.38	0.720327	0.720327	0.291732	1.60202	1.15398	1.8436
8.39	0.723241	0.723241	0.291105	1.59752	1.1554	1.8458
8.4	0.726149	0.726149	0.29046	1.59304	1.15679	1.848
8.41	0.72905	0.72905	0.289798	1.58857	1.15815	1.8502
8.42	0.731945	0.731945	0.289118	1.58411	1.15948	1.8524
8.43	0.734833	0.734833	0.288422	1.57966	1.16079	1.8546
8.44	0.737713	0.737713	0.287708	1.57522	1.16206	1.8568
8.45	0.740587	0.740587	0.286977	1.57079	1.16331	1.859
8.46	0.743453	0.743453	0.286229	1.56638	1.16453	1.8612
8.47	0.746311	0.746311	0.285464	1.56197	1.16571	1.8634
8.48	0.749162	0.749162	0.284682	1.55757	1.16687	1.8656
8.49	0.752005	0.752005	0.283882	1.55318	1.168	1.8678
8.5	0.75484	0.75484	0.283065	1.5488	1.1691	1.87
8.51	0.757666	0.757666	0.282231	1.54443	1.17016	1.8722
8.52	0.760484	0.760484	0.281379	1.54008	1.1712	1.8744
8.53	0.763294	0.763294	0.28051	1.53573	1.17221	1.8766
8.54	0.766094	0.766094	0.279624	1.53139	1.17319	1.8788
8.55	0.768886	0.768886	0.278721	1.52706	1.17414	1.881
8.56	0.771669	0.771669	0.277801	1.52275	1.17506	1.8832
8.57	0.774442	0.774442	0.276863	1.51844	1.17594	1.8854
8.58	0.777206	0.777206	0.275908	1.51414	1.1768	1.8876
8.59	0.77996	0.77996	0.274936	1.50986	1.17763	1.8898
8.6	0.782705	0.782705	0.273947	1.50558	1.17842	1.892
8.61	0.785439	0.785439	0.27294	1.50131	1.17919	1.8942
8.62	0.788163	0.788163	0.271916	1.49706	1.17992	1.8964
8.63	0.790877	0.790877	0.270875	1.49281	1.18063	1.8986
8.64	0.793581	0.793581	0.269817	1.48857	1.1813	1.9008
8.65	0.796274	0.796274	0.268742	1.48435	1.18195	1.903
8.66	0.798956	0.798956	0.26765	1.48013	1.18256	1.9052
8.67	0.801626	0.801626	0.266541	1.47592	1.18314	1.9074
8.68	0.804286	0.804286	0.265414	1.47173	1.18369	1.9096
8.69	0.806935	0.806935	0.264271	1.46754	1.18421	1.9118
8.7	0.809572	0.809572	0.263111	1.46336	1.1847	1.914
8.71	0.812197	0.812197	0.261933	1.4592	1.18516	1.9162
8.72	0.81481	0.81481	0.260739	1.45504	1.18558	1.9184
8.73	0.817412	0.817412	0.259528	1.45089	1.18598	1.9206
8.74	0.820001	0.820001	0.2583	1.44676	1.18634	1.9228
8.75	0.822578	0.822578	0.257055	1.44263	1.18668	1.925
8.76	0.825142	0.825142	0.255794	1.43851	1.18698	1.9272
8.77	0.827693	0.827693	0.254516	1.43441	1.18725	1.9294
8.78	0.830232	0.830232	0.253221	1.43031	1.18749	1.9316
8.79	0.832758	0.832758	0.251909	1.42622	1.1877	1.9338
8.8	0.83527	0.83527	0.250581	1.42215	1.18788	1.936
8.81	0.837769	0.837769	0.249236	1.41808	1.18802	1.9382
8.82	0.840255	0.840255	0.247875	1.41402	1.18814	1.9404
8.83	0.842727	0.842727	0.246498	1.40997	1.18822	1.9426
8.84	0.845185	0.845185	0.245104	1.40593	1.18827	1.9448
8.85	0.847629	0.847629	0.243693	1.40191	1.1883	1.947
8.86	0.850059	0.850059	0.242267	1.39789	1.18829	1.9492
8.87	0.852474	0.852474	0.240824	1.39388	1.18824	1.9514
8.88	0.854875	0.854875	0.239365	1.38988	1.18817	1.9536
8.89	0.857261	0.857261	0.23789	1.38589	1.18807	1.9558
8.9	0.859633	0.859633	0.236399	1.38191	1.18793	1.958
8.91	0.861989	0.861989	0.234892	1.37794	1.18777	1.9602
8.92	0.864331	0.864331	0.233369	1.37398	1.18757	1.9624
8.93	0.866657	0.866657	0.231831	1.37003	1.18734	1.9646
8.94	0.868967	0.868967	0.230276	1.36609	1.18708	1.9668
8.95	0.871262	0.871262	0.228706	1.36216	1.18679	1.969
8.96	0.873541	0.873541	0.227121	1.35823	1.18647	1.9712
8.97	0.875804	0.875804	0.22552	1.35432	1.18612	1.9734
8.98	0.878052	0.878052	0.223903	1.35042	1.18574	1.9756
8.99	0.880282	0.880282	0.222271	1.34653	1.18532	1.9778
9	0.882497	0.882497	0.220624	1.34264	1.18488	1.98
9.01	0.884695	0.884695	0.218962	1.33877	1.1844	1.9822
9.02	0.886876	0.886876	0.217285	1.3349	1.18389	1.9844
9.03	0.88904	0.88904	0.215592	1.33105	1.18336	1.9866
9.04	0.891188	0.891188	0.213885	1.3272	1.18279	1.9888
9.05	0.893318	0.893318	0.212163	1.32337	1.18219	1.991
9.06	0.895431	0.895431	0.210426	1.31954	1.18156	1.9932
9.07	0.897527	0.897527	0.208675	1.31572	1.1809	1.9954
9.08	0.899605	0.899605	0.206909	1.31192	1.18021	1.9976
9.09	0.901665	0.901665	0.205129	1.30812	1.17948	1.9998
9.1	0.903707	0.903707	0.203334	1.30433	1.17873	2.002
9.11	0.905731	0.905731	0.201525	1.30055	1.17795	2.0042
9.12	0.907738	0.907738	0.199702	1.29678	1.17714	2.0064
9.13	0.909725	0.909725	0.197865	1.29302	1.17629	2.0086
9.14	0.911695	0.911695	0.196014	1.28927	1.17542	2.0108
9.15	0.913646	0.913646	0.19415	1.28553	1.17452	2.013
9.16	0.915578	0.915578	0.192271	1.28179	1.17358	2.0152
9.17	0.917491	0.917491	0.190379	1.27807	1.17262	2.0174
9.18	0.919385	0.919385	0.188474	1.27436	1.17163	2.0196
9.19	0.92126	0.92126	0.186555	1.27065	1.1706	2.0218
9.2	0.923116	0.923116	0.184623	1.26696	1.16955	2.024
9.21	0.924953	0.924953	0.182678	1.26327	1.16847	2.0262
9.22	0.92677	0.92677	0.18072	1.25959	1.16735	2.0284
9.23	0.928567	0.928567	0.178749	1.25593	1.16621	2.0306
9.24	0.930345	0.930345	0.176766	1.25227	1.16504	2.0328
9.25	0.932102	0.932102	0.174769	1.24862	1.16384	2.035
9.26	0.93384	0.93384	0.17276	1.24498	1.16261	2.0372
9.27	0.935558	0.935558	0.170739	1.24135	1.16135	2.0394
9.28	0.937255	0.937255	0.168706	1.23773	1.16007	2.0416
9.29	0.938932	0.938932	0.16666	1.23411	1.15875	2.0438
9.3	0.940588	0.940588	0.164603	1.23051	1.1574	2.046
9.31	0.942224	0.942224	0.162534	1.22692	1.15603	2.0482
9.32	0.943839	0.943839	0.160453	1.22333	1.15463	2.0504
9.33	0.945433	0.945433	0.15836	1.21975	1.1532	2.0526
9.34	0.947006	0.947006	0.156256	1.21619	1.15174	2.0548
9.35	0.948558	0.948558	0.154141	1.21263	1.15025	2.057
9.36	0.950089	0.950089	0.152014	1.20908	1.14873	2.0592
9.37	0.951598	0.951598	0.149877	1.20554	1.14719	2.0614
9.38	0.953086	0.953086	0.147728	1.20201	1.14562	2.0636
9.39	0.954553	0.954553	0.145569	1.19849	1.14402	2.0658
9.4	0.955997	0.955997	0.1434	1.19497	1.14239	2.068
9.41	0.957421	0.957421	0.14122	1.19147	1.14074	2.0702
9.42	0.958822	0.958822	0.139029	1.18797	1.13906	2.0724
9.43	0.960201	0.960201	0.136829	1.18449	1.13735	2.0746
9.44	0.961558	0.961558	0.134618	1.18101	1.13561	2.0768
9.45	0.962893	0.962893	0.132398	1.17754	1.13385	2.079
9.46	0.964206	0.964206	0.130168	1.17408	1.13206	2.0812
9.47	0.965497	0.965497	0.127928	1.17063	1.13024	2.0834
9.48	0.966765	0.966765	0.125679	1.16719	1.1284	2.0856
9.49	0.96801	0.96801	0.123421	1.16376	1.12653	2.0878
9.5	0.969233	0.969233	0.121154	1.16033	1.12463	2.09
9.51	0.970433	0.970433	0.118878	1.15692	1.12271	2.0922
9.52	0.971611	0.971611	0.116593	1.15351	1.12076	2.0944
9.53	0.972765	0.972765	0.1143	1.15011	1.11879	2.0966
9.54	0.973897	0.973897	0.111998	1.14672	1.11679	2.0988
9.55	0.975005	0.975005	0.109688	1.14334	1.11476	2.101
9.56	0.97609	0.97609	0.10737	1.13997	1.11271	2.1032
9.57	0.977153	0.977153	0.105044	1.13661	1.11064	2.1054
9.58	0.978191	0.978191	0.10271	1.13325	1.10854	2.1076
9.59	0.979207	0.979207	0.100369	1.12991	1.10641	2.1098
9.6	0.980199	0.980199	0.0980199	1.12657	1.10426	2.112
9.61	0.981167	0.981167	0.0956638	1.12324	1.10209	2.1142
9.62	0.982112	0.982112	0.0933006	1.11992	1.09989	2.1164
9.63	0.983033	0.983033	0.0909306	1.11661	1.09767	2.1186
9.64	0.983931	0.983931	0.0885537	1.11331	1.09542	2.1208
9.65	0.984804	0.984804	0.0861704	1.11001	1.09315	2.123
9.66	0.985654	0.985654	0.0837806	1.10673	1.09085	2.1252
9.67	0.98648	0.98648	0.0813846	1.10345	1.08853	2.1274
9.68	0.987282	0.987282	0.0789825	1.10018	1.08619	2.1296
9.69	0.988059	0.988059	0.0765746	1.09692	1.08383	2.1318
9.7	0.988813	0.988813	0.074161	1.09367	1.08144	2.134
9.71	0.989543	0.989543	0.0717418	1.09043	1.07903	2.1362
9.72	0.990248	0.990248	0.0693174	1.08719	1.07659	2.1384
9.73	0.990929	0.990929	0.0668877	1.08397	1.07414	2.1406
9.74	0.991586	0.991586	0.0644531	1.08075	1.07166	2.1428
9.75	0.992218	0.992218	0.0620136	1.07754	1.06916	2.145
9.76	0.992826	0.992826	0.0595696	1.07434	1.06663	2.1472
9.77	0.993409	0.993409	0.057121	1.07115	1.06409	2.1494
9.78	0.993968	0.993968	0.0546683	1.06796	1.06152	2.1516
9.79	0.994503	0.994503	0.0522114	1.06479	1.05894	2.1538
9.8	0.995012	0.995012	0.0497506	1.06162	1.05633	2.156
9.81	0.995498	0.995498	0.0472861	1.05846	1.0537	2.1582
9.82	0.995958	0.995958	0.0448181	1.05531	1.05105	2.1604
9.83	0.996394	0.996394	0.0423467	1.05217	1.04837	2.1626
9.84	0.996805	0.996805	0.0398722	1.04903	1.04568	2.1648
9.85	0.997191	0.997191	0.0373947	1.04591	1.04297	2.167
9.86	0.997553	0.997553	0.0349144	1.04279	1.04024	2.1692
9.87	0.99789	0.99789	0.0324314	1.03968	1.03749	2.1714
9.88	0.998202	0.998202	0.029946	1.03658	1.03472	2.1736
9.89	0.998489	0.998489	0.0274584	1.03349	1.03193	2.1758
9.9	0.998751	0.998751	0.0249688	1.0304	1.02912	2.178
9.91	0.998988	0.998988	0.0224772	1.02733	1.02629	2.1802
9.92	0.9992	0.9992	0.019984	1.02426	1.02344	2.1824
9.93	0.999388	0.999388	0.0174893	1.0212	1.02057	2.1846
9.94	0.99955	0.99955	0.0149933	1.01814	1.01769	2.1868
9.95	0.999688	0.999688	0.0124961	1.0151	1.01478	2.189
9.96	0.9998	0.9998	0.009998	1.01206	1.01186	2.1912
9.97	0.999888	0.999888	0.00749916	1.00904	1.00892	2.1934
9.98	0.99995	0.99995	0.00499975	1.00602	1.00597	2.1956
9.99	0.999988	0.999988	0.00249997	1.003	1.00299	2.1978
10	1	1	4.21885e-14	1	1	2.2
10.01	0.999988	0.999988	-0.00249997	0.997004	0.996992	2.2022
10.02	0.99995	0.99995	-0.00499975	0.994016	0.993966	2.2044
10.03	0.999888	0.999888	-0.00749916	0.991036	0.990924	2.2066
10.04	0.9998	0.9998	-0.009998	0.988064	0.987866	2.2088
10.05	0.999688	0.999688	-0.0124961	0.9851	0.984792	2.211
10.06	0.99955	0.99955	-0.0149933	0.982143	0.981702	2.2132
10.07	0.999388	0.999388	-0.0174893	0.979195	0.978596	2.2154
10.08	0.9992	0.9992	-0.019984	0.976255	0.975474	2.2176
10.09	0.998988	0.998988	-0.0224772	0.973322	0.972337	2.2198
10.1	0.998751	0.998751	-0.0249688	0.970397	0.969185	2.222
10.11	0.998489	0.998489	-0.0274584	0.96748	0.966018	2.2242
10.12	0.998202	0.998202	-0.029946	0.964571	0.962837	2.2264
10.13	0.99789	0.99789	-0.0324314	0.96167	0.959641	2.2286
10.14	0.997553	0.997553	-0.0349144	0.958777	0.956431	2.2308
10.15	0.997191	0.997191	-0.0373947	0.955891	0.953206	2.233
10.16	0.996805	0.996805	-0.0398722	0.953013	0.949968	2.2352
10.17	0.996394	0.996394	-0.0423467	0.950143	0.946717	2.2374
10.18	0.995958	0.995958	-0.0448181	0.94728	0.943452	2.2396
10.19	0.995498	0.995498	-0.0472861	0.944426	0.940174	2.2418
10.2	0.995012	0.995012	-0.0497506	0.941579	0.936883	2.244
10.21	0.994503	0.994503	-0.0522114	0.938739	0.933579	2.2462
10.22	0.993968	0.993968	-0.0546683	0.935908	0.930262	2.2484
10.23	0.993409	0.993409	-0.057121	0.933084	0.926934	2.2506
10.24	0.992826	0.992826	-0.0595696	0.930267	0.923593	2.2528
10.25	0.992218	0.992218	-0.0620136	0.927458	0.920241	2.255
10.26	0.991586	0.991586	-0.0644531	0.924657	0.916877	2.2572
10.27	0.990929	0.990929	-0.0668877	0.921864	0.913501	2.2594
10.28	0.990248	0.990248	-0.0693174	0.919077	0.910115	2.2616
10.29	0.989543	0.989543	-0.0717418	0.916299	0.906717	2.2638
10.3	0.988813	0.988813	-0.074161	0.913528	0.903308	2.266
10.31	0.988059	0.988059	-0.0765746	0.910765	0.89989	2.2682
10.32	0.987282	0.987282	-0.0789825	0.908009	0.89646	2.2704
10.33	0.98648	0.98648	-0.0813846	0.90526	0.893021	2.2726
10.34	0.985654	0.985654	-0.0837806	0.902519	0.889572	2.2748
10.35	0.984804	0.984804	-0.0861704	0.899786	0.886113	2.277
10.36	0.983931	0.983931	-0.0885537	0.89706	0.882644	2.2792
10.37	0.983033	0.983033	-0.0909306	0.894341	0.879167	2.2814
10.38	0.982112	0.982112	-0.0933006	0.89163	0.87568	2.2836
10.39	0.981167	0.981167	-0.0956638	0.888926	0.872185	2.2858
10.4	0.980199	0.980199	-0.0980199	0.88623	0.868681	2.288
10.41	0.979207	0.979207	-0.100369	0.88354	0.865169	2.2902
10.42	0.978191	0.978191	-0.10271	0.880859	0.861648	2.2924
10.43	0.977153	0.977153	-0.105044	0.878184	0.85812	2.2946
10.44	0.97609	0.97609	-0.10737	0.875517	0.854584	2.2968
10.45	0.975005	0.975005	-0.109688	0.872857	0.85104	2.299
10.46	0.973897	0.973897	-0.111998	0.870205	0.84749	2.3012
10.47	0.972765	0.972765	-0.1143	0.86756	0.843932	2.3034
10.48	0.971611	0.971611	-0.116593	0.864922	0.840367	2.3056
10.49	0.970433	0.970433	-0.118878	0.862291	0.836796	2.3078
10.5	0.969233	0.969233	-0.121154	0.859667	0.833218	2.31
10.51	0.96801	0.96801	-0.123421	0.857051	0.829634	2.3122
10.52	0.966765	0.966765	-0.125679	0.854442	0.826044	2.3144
10.53	0.965497	0.965497	-0.127928	0.85184	0.822449	2.3166
10.54	0.964206	0.964206	-0.130168	0.849245	0.818847	2.3188
10.55	0.962893	0.962893	-0.132398	0.846657	0.815241	2.321
10.56	0.961558	0.961558	-0.134618	0.844077	0.811629	2.3232
10.57	0.960201	0.960201	-0.136829	0.841503	0.808012	2.3254
10.58	0.958822	0.958822	-0.139029	0.838937	0.804391	2.3276
10.59	0.957421	0.957421	-0.14122	0.836378	0.800765	2.3298
10.6	0.955997	0.955997	-0.1434	0.833826	0.797135	2.332
10.61	0.954553	0.954553	-0.145569	0.83128	0.793501	2.3342
10.62	0.953086	0.953086	-0.147728	0.828742	0.789863	2.3364
10.63	0.951598	0.951598	-0.149877	0.826211	0.786221	2.3386
10.64	0.950089	0.950089	-0.152014	0.823687	0.782576	2.3408
10.65	0.948558	0.948558	-0.154141	0.82117	0.778927	2.343
10.66	0.947006	0.947006	-0.156256	0.81866	0.775276	2.3452
10.67	0.945433	0.945433	-0.15836	0.816157	0.771621	2.3474
10.68	0.943839	0.943839	-0.160453	0.81366	0.767964	2.3496
10.69	0.942224	0.942224	-0.162534	0.811171	0.764305	2.3518
10.7	0.940588	0.940588	-0.164603	0.808689	0.760643	2.354
10.71	0.938932	0.938932	-0.16666	0.806213	0.756979	2.3562
10.72	0.937255	0.937255	-0.168706	0.803744	0.753313	2.3584
10.73	0.935558	0.935558	-0.170739	0.801283	0.749646	2.3606
10.74	0.93384	0.93384	-0.17276	0.798828	0.745977	2.3628
10.75	0.932102	0.932102	-0.174769	0.79638	0.742307	2.365
10.76	0.930345	0.930345	-0.176766	0.793938	0.738636	2.3672
10.77	0.928567	0.928567	-0.178749	0.791504	0.734964	2.3694
10.78	0.92677	0.92677	-0.18072	0.789076	0.731292	2.3716
10.79	0.924953	0.924953	-0.182678	0.786655	0.727619	2.3738
10.8	0.923116	0.923116	-0.184623	0.784241	0.723946	2.376
10.81	0.92126	0.92126	-0.186555	0.781834	0.720272	2.3782
10.82	0.919385	0.919385	-0.188474	0.779433	0.716599	2.3804
10.83	0.917491	0.917491	-0.190379	0.777039	0.712926	2.3826
10.84	0.915578	0.915578	-0.192271	0.774651	0.709254	2.3848
10.85	0.913646	0.913646	-0.19415	0.772271	0.705582	2.387
10.86	0.911695	0.911695	-0.196014	0.769897	0.701911	2.3892
10.87	0.909725	0.909725	-0.197865	0.767529	0.698241	2.3914
10.88	0.907738	0.907738	-0.199702	0.765169	0.694572	2.3936
10.89	0.905731	0.905731	-0.201525	0.762815	0.690905	2.3958
10.9	0.903707	0.903707	-0.203334	0.760467	0.68724	2.398
10.91	0.901665	0.901665	-0.205129	0.758126	0.683576	2.4002
10.92	0.899605	0.899605	-0.206909	0.755792	0.679914	2.4024
10.93	0.897527	0.897527	-0.208675	0.753464	0.676254	2.4046
10.94	0.895431	0.895431	-0.210426	0.751143	0.672597	2.4068
10.95	0.893318	0.893318	-0.212163	0.748828	0.668942	2.409
10.96	0.891188	0.891188	-0.213885	0.74652	0.66529	2.4112
10.97	0.88904	0.88904	-0.215592	0.744218	0.66164	2.4134
10.98	0.886876	0.886876	-0.217285	0.741923	0.657994	2.4156
10.99	0.884695	0.884695	-0.218962	0.739634	0.654351	2.4178
11	0.882497	0.882497	-0.220624	0.737352	0.650711	2.42
11.01	0.880282	0.880282	-0.222271	0.735076	0.647075	2.4222
11.02	0.878052	0.878052	-0.223903	0.732807	0.643442	2.4244
11.03	0.875804	0.875804	-0.22552	0.730544	0.639813	2.4266
11.04	0.873541	0.873541	-0.227121	0.728287	0.636189	2.4288
11.05	0.871262	0.871262	-0.228706	0.726037	0.632568	2.431
11.06	0.868967	0.868967	-0.230276	0.723793	0.628952	2.4332
11.07	0.866657	0.866657	-0.231831	0.721555	0.625341	2.4354
11.08	0.864331	0.864331	-0.233369	0.719324	0.621734	2.4376
11.09	0.861989	0.861989	-0.234892	0.717099	0.618132	2.4398
11.1	0.859633	0.859633	-0.236399	0.71488	0.614535	2.442
11.11	0.857261	0.857261	-0.23789	0.712668	0.610943	2.4442
11.12	0.854875	0.854875	-0.239365	0.710462	0.607356	2.4464
11.13	0.852474	0.852474	-0.240824	0.708262	0.603775	2.4486
11.14	0.850059	0.850059	-0.242267	0.706069	0.6002	2.4508
11.15	0.847629	0.847629	-0.243693	0.703881	0.59663	2.453
11.16	0.845185	0.845185	-0.245104	0.7017	0.593066	2.4552
11.17	0.842727	0.842727	-0.246498	0.699525	0.589509	2.4574
11.18	0.840255	0.840255	-0.247875	0.697356	0.585957	2.4596
11.19	0.837769	0.837769	-0.249236	0.695194	0.582412	2.4618
11.2	0.83527	0.83527	-0.250581	0.693037	0.578873	2.464
11.21	0.832758	0.832758	-0.251909	0.690887	0.575342	2.4662
11.22	0.830232	0.830232	-0.253221	0.688743	0.571816	2.4684
11.23	0.827693	0.827693	-0.254516	0.686605	0.568298	2.4706
11.24	0.825142	0.825142	-0.255794	0.684473	0.564787	2.4728
11.25	0.822578	0.822578	-0.257055	0.682347	0.561283	2.475
11.26	0.820001	0.820001	-0.2583	0.680227	0.557787	2.4772
11.27	0.817412	0.817412	-0.259528	0.678113	0.554298	2.4794
11.28	0.81481	0.81481	-0.260739	0.676006	0.550816	2.4816
11.29	0.812197	0.812197	-0.261933	0.673904	0.547343	2.4838
11.3	0.809572	0.809572	-0.263111	0.671808	0.543877	2.486
11.31	0.806935	0.806935	-0.264271	0.669719	0.540419	2.4882
11.32	0.804286	0.804286	-0.265414	0.667635	0.536969	2.4904
11.33	0.801626	0.801626	-0.266541	0.665557	0.533528	2.4926
11.34	0.798956	0.798956	-0.26765	0.663485	0.530095	2.4948
11.35	0.796274	0.796274	-0.268742	0.661419	0.526671	2.497
11.36	0.793581	0.793581	-0.269817	0.659359	0.523255	2.4992
11.37	0.790877	0.790877	-0.270875	0.657305	0.519848	2.5014
11.38	0.788163	0.788163	-0.271916	0.655257	0.51645	2.5036
11.39	0.785439	0.785439	-0.27294	0.653215	0.51306	2.5058
11.4	0.782705	0.782705	-0.273947	0.651178	0.50968	2.508
11.41	0.77996	0.77996	-0.274936	0.649148	0.506309	2.5102
11.42	0.777206	0.777206	-0.275908	0.647123	0.502948	2.5124
11.43	0.774442	0.774442	-0.276863	0.645104	0.499596	2.5146
11.44	0.771669	0.771669	-0.277801	0.643091	0.496253	2.5168
11.45	0.768886	0.768886	-0.278721	0.641084	0.49292	2.519
11.46	0.766094	0.766094	-0.279624	0.639082	0.489597	2.5212
11.47	0.763294	0.763294	-0.28051	0.637086	0.486284	2.5234
11.48	0.760484	0.760484	-0.281379	0.635096	0.482981	2.5256
11.49	0.757666	0.757666	-0.282231	0.633112	0.479687	2.5278
11.5	0.75484	0.75484	-0.283065	0.631133	0.476404	2.53
11.51	0.752005	0.752005	-0.283882	0.629161	0.473132	2.5322
11.52	0.749162	0.749162	-0.284682	0.627193	0.469869	2.5344
11.53	0.746311	0.746311	-0.285464	0.625232	0.466618	2.5366
11.54	0.743453	0.743453	-0.286229	0.623276	0.463376	2.5388
11.55	0.740587	0.740587	-0.286977	0.621326	0.460146	2.541
11.56	0.737713	0.737713	-0.287708	0.619381	0.456926	2.5432
11.57	0.734833	0.734833	-0.288422	0.617442	0.453717	2.5454
11.58	0.731945	0.731945	-0.289118	0.615509	0.450519	2.5476
11.59	0.72905	0.72905	-0.289798	0.613581	0.447332	2.5498
11.6	0.726149	0.726149	-0.29046	0.611659	0.444156	2.552
11.61	0.723241	0.723241	-0.291105	0.609743	0.440991	2.5542
11.62	0.720327	0.720327	-0.291732	0.607832	0.437838	2.5564
11.63	0.717407	0.717407	-0.292343	0.605926	0.434695	2.5586
11.64	0.71448	0.71448	-0.292937	0.604026	0.431565	2.5608
11.65	0.711548	0.711548	-0.293514	0.602132	0.428446	2.563
11.66	0.70861	0.70861	-0.294073	0.600243	0.425338	2.5652
11.67	0.705667	0.705667	-0.294616	0.598359	0.422242	2.5674
11.68	0.702718	0.702718	-0.295141	0.596481	0.419158	2.5696
11.69	0.699764	0.699764	-0.29565	0.594609	0.416086	2.5718
11.7	0.696805	0.696805	-0.296142	0.592742	0.413025	2.574
11.71	0.693841	0.693841	-0.296617	0.59088	0.409977	2.5762
11.72	0.690872	0.690872	-0.297075	0.589024	0.40694	2.5784
11.73	0.6879	0.6879	-0.297517	0.587173	0.403916	2.5806
11.74	0.684922	0.684922	-0.297941	0.585328	0.400904	2.5828
11.75	0.681941	0.681941	-0.298349	0.583488	0.397904	2.585
11.76	0.678955	0.678955	-0.29874	0.581653	0.394916	2.5872
11.77	0.675966	0.675966	-0.299115	0.579824	0.391941	2.5894
11.78	0.672973	0.672973	-0.299473	0.578	0.388978	2.5916
11.79	0.669977	0.669977	-0.299815	0.576181	0.386028	2.5938
11.8	0.666977	0.666977	-0.30014	0.574368	0.38309	2.596
11.81	0.663974	0.663974	-0.300448	0.57256	0.380165	2.5982
11.82	0.660968	0.660968	-0.30074	0.570757	0.377252	2.6004
11.83	0.657959	0.657959	-0.301016	0.568959	0.374352	2.6026
11.84	0.654948	0.654948	-0.301276	0.567167	0.371465	2.6048
11.85	0.651934	0.651934	-0.301519	0.56538	0.36859	2.607
11.86	0.648917	0.648917	-0.301747	0.563598	0.365729	2.6092
11.87	0.645899	0.645899	-0.301958	0.561822	0.36288	2.6114
11.88	0.642878	0.642878	-0.302153	0.56005	0.360044	2.6136
11.89	0.639856	0.639856	-0.302332	0.558284	0.357221	2.6158
11.9	0.636832	0.636832	-0.302495	0.556523	0.354411	2.618
11.91	0.633806	0.633806	-0.302642	0.554767	0.351615	2.6202
11.92	0.630779	0.630779	-0.302774	0.553017	0.348831	2.6224
11.93	0.62775	0.62775	-0.30289	0.551271	0.346061	2.6246
11.94	0.624721	0.624721	-0.30299	0.549531	0.343303	2.6268
11.95	0.621691	0.621691	-0.303074	0.547795	0.340559	2.629
11.96	0.61866	0.61866	-0.303143	0.546065	0.337828	2.6312
11.97	0.615628	0.615628	-0.303197	0.54434	0.335111	2.6334
11.98	0.612596	0.612596	-0.303235	0.54262	0.332407	2.6356
11.99	0.609563	0.609563	-0.303258	0.540905	0.329716	2.6378
12	0.606531	0.606531	-0.303265	0.539195	0.327038	2.64
12.01	0.603498	0.603498	-0.303258	0.53749	0.324374	2.6422
12.02	0.600466	0.600466	-0.303235	0.53579	0.321723	2.6444
12.03	0.597433	0.597433	-0.303197	0.534095	0.319086	2.6466
12.04	0.594402	0.594402	-0.303145	0.532405	0.316462	2.6488
12.05	0.591371	0.591371	-0.303077	0.53072	0.313852	2.651
12.06	0.58834	0.58834	-0.302995	0.52904	0.311256	2.6532
12.07	0.585311	0.585311	-0.302898	0.527365	0.308672	2.6554
12.08	0.582282	0.582282	-0.302787	0.525695	0.306103	2.6576
12.09	0.579255	0.579255	-0.302661	0.52403	0.303547	2.6598
12.1	0.576229	0.576229	-0.30252	0.52237	0.301005	2.662
12.11	0.573205	0.573205	-0.302365	0.520714	0.298476	2.6642
12.12	0.570182	0.570182	-0.302196	0.519064	0.295961	2.6664
12.13	0.567161	0.567161	-0.302013	0.517418	0.293459	2.6686
12.14	0.564142	0.564142	-0.301816	0.515778	0.290972	2.6708
12.15	0.561124	0.561124	-0.301604	0.514142	0.288498	2.673
12.16	0.55811	0.55811	-0.301379	0.512511	0.286037	2.6752
12.17	0.555097	0.555097	-0.30114	0.510885	0.283591	2.6774
12.18	0.552087	0.552087	-0.300887	0.509263	0.281158	2.6796
12.19	0.549079	0.549079	-0.300621	0.507647	0.278738	2.6818
12.2	0.546074	0.546074	-0.300341	0.506035	0.276333	2.684
12.21	0.543072	0.543072	-0.300048	0.504428	0.273941	2.6862
12.22	0.540074	0.540074	-0.299741	0.502826	0.271563	2.6884
12.23	0.537078	0.537078	-0.299421	0.501229	0.269199	2.6906
12.24	0.534085	0.534085	-0.299088	0.499636	0.266848	2.6928
12.25	0.531096	0.531096	-0.298741	0.498048	0.264511	2.695
12.26	0.52811	0.52811	-0.298382	0.496465	0.262188	2.6972
12.27	0.525128	0.525128	-0.29801	0.494886	0.259879	2.6994
12.28	0.52215	0.52215	-0.297626	0.493312	0.257583	2.7016
12.29	0.519176	0.519176	-0.297228	0.491743	0.255301	2.7038
12.3	0.516206	0.516206	-0.296818	0.490178	0.253033	2.706
12.31	0.51324	0.51324	-0.296396	0.488619	0.250778	2.7082
12.32	0.510278	0.510278	-0.295961	0.487063	0.248538	2.7104
12.33	0.50732	0.50732	-0.295514	0.485513	0.246311	2.7126
12.34	0.504368	0.504368	-0.295055	0.483967	0.244097	2.7148
12.35	0.501419	0.501419	-0.294584	0.482425	0.241897	2.717
12.36	0.498476	0.498476	-0.294101	0.480889	0.239711	2.7192
12.37	0.495537	0.495537	-0.293606	0.479356	0.237539	2.7214
12.38	0.492604	0.492604	-0.293099	0.477829	0.23538	2.7236
12.39	0.489675	0.489675	-0.292581	0.476306	0.233235	2.7258
12.4	0.486752	0.486752	-0.292051	0.474787	0.231104	2.728
12.41	0.483834	0.483834	-0.29151	0.473273	0.228986	2.7302
12.42	0.480922	0.480922	-0.290958	0.471764	0.226882	2.7324
12.43	0.478015	0.478015	-0.290394	0.470259	0.224791	2.7346
12.44	0.475114	0.475114	-0.28982	0.468758	0.222714	2.7368
12.45	0.472219	0.472219	-0.289234	0.467262	0.22065	2.739
12.46	0.46933	0.46933	-0.288638	0.465771	0.2186	2.7412
12.47	0.466446	0.466446	-0.288031	0.464284	0.216563	2.7434
12.48	0.463569	0.463569	-0.287413	0.462801	0.21454	2.7456
12.49	0.460698	0.460698	-0.286785	0.461323	0.212531	2.7478
12.5	0.457833	0.457833	-0.286146	0.459849	0.210534	2.75
12.51	0.454975	0.454975	-0.285497	0.45838	0.208551	2.7522
12.52	0.452123	0.452123	-0.284838	0.456915	0.206582	2.7544
12.53	0.449278	0.449278	-0.284169	0.455455	0.204626	2.7566
12.54	0.44644	0.44644	-0.283489	0.453998	0.202683	2.7588
12.55	0.443609	0.443609	-0.282801	0.452547	0.200754	2.761
12.56	0.440784	0.440784	-0.282102	0.451099	0.198837	2.7632
12.57	0.437967	0.437967	-0.281394	0.449656	0.196934	2.7654
12.58	0.435156	0.435156	-0.280676	0.448217	0.195045	2.7676
12.59	0.432353	0.432353	-0.279949	0.446783	0.193168	2.7698
12.6	0.429557	0.429557	-0.279212	0.445353	0.191305	2.772
12.61	0.426769	0.426769	-0.278467	0.443927	0.189454	2.7742
12.62	0.423988	0.423988	-0.277712	0.442506	0.187617	2.7764
12.63	0.421215	0.421215	-0.276949	0.441088	0.185793	2.7786
12.64	0.418449	0.418449	-0.276176	0.439675	0.183982	2.7808
12.65	0.415691	0.415691	-0.275395	0.438267	0.182184	2.783
12.66	0.412941	0.412941	-0.274606	0.436862	0.180398	2.7852
12.67	0.410199	0.410199	-0.273808	0.435462	0.178626	2.7874
12.68	0.407465	0.407465	-0.273002	0.434066	0.176867	2.7896
12.69	0.404739	0.404739	-0.272187	0.432674	0.17512	2.7918
12.7	0.402021	0.402021	-0.271364	0.431286	0.173386	2.794
12.71	0.399312	0.399312	-0.270534	0.429903	0.171665	2.7962
12.72	0.396611	0.396611	-0.269695	0.428524	0.169957	2.7984
12.73	0.393918	0.393918	-0.268849	0.427148	0.168261	2.8006
12.74	0.391234	0.391234	-0.267995	0.425777	0.166579	2.8028
12.75	0.388558	0.388558	-0.267134	0.424411	0.164908	2.805
12.76	0.385891	0.385891	-0.266265	0.423048	0.16325	2.8072
12.77	0.383233	0.383233	-0.265389	0.421689	0.161605	2.8094
12.78	0.380583	0.380583	-0.264505	0.420335	0.159972	2.8116
12.79	0.377943	0.377943	-0.263615	0.418984	0.158352	2.8138
12.8	0.375311	0.375311	-0.262718	0.417638	0.156744	2.816
12.81	0.372688	0.372688	-0.261814	0.416296	0.155149	2.8182
12.82	0.370075	0.370075	-0.260903	0.414958	0.153565	2.8204
12.83	0.36747	0.36747	-0.259985	0.413624	0.151994	2.8226
12.84	0.364875	0.364875	-0.259061	0.412294	0.150436	2.8248
12.85	0.362289	0.362289	-0.258131	0.410967	0.148889	2.827
12.86	0.359713	0.359713	-0.257194	0.409645	0.147355	2.8292
12.87	0.357145	0.357145	-0.256252	0.408327	0.145832	2.8314
12.88	0.354588	0.354588	-0.255303	0.407013	0.144322	2.8336
12.89	0.352039	0.352039	-0.254348	0.405703	0.142823	2.8358
12.9	0.349501	0.349501	-0.253388	0.404397	0.141337	2.838
12.91	0.346972	0.346972	-0.252422	0.403095	0.139863	2.8402
12.92	0.344452	0.344452	-0.25145	0.401797	0.1384	2.8424
12.93	0.341943	0.341943	-0.250473	0.400503	0.136949	2.8446
12.94	0.339443	0.339443	-0.24949	0.399212	0.13551	2.8468
12.95	0.336953	0.336953	-0.248503	0.397926	0.134082	2.849
12.96	0.334473	0.334473	-0.24751	0.396643	0.132666	2.8512
12.97	0.332003	0.332003	-0.246512	0.395365	0.131262	2.8534
12.98	0.329542	0.329542	-0.245509	0.39409	0.129869	2.8556
12.99	0.327092	0.327092	-0.244502	0.392819	0.128488	2.8578
13	0.324652	0.324652	-0.243489	0.391552	0.127118	2.86
13.01	0.322223	0.322223	-0.242473	0.390289	0.12576	2.8622
13.02	0.319803	0.319803	-0.241451	0.38903	0.124413	2.8644
13.03	0.317394	0.317394	-0.240426	0.387775	0.123077	2.8666
13.04	0.314995	0.314995	-0.239396	0.386523	0.121753	2.8688
13.05	0.312606	0.312606	-0.238362	0.385275	0.120439	2.871
13.06	0.310227	0.310227	-0.237324	0.384031	0.119137	2.8732
13.07	0.307859	0.307859	-0.236282	0.382791	0.117846	2.8754
13.08	0.305502	0.305502	-0.235236	0.381555	0.116566	2.8776
13.09	0.303155	0.303155	-0.234187	0.380322	0.115296	2.8798
13.1	0.300818	0.300818	-0.233134	0.379093	0.114038	2.882
13.11	0.298492	0.298492	-0.232077	0.377868	0.112791	2.8842
13.12	0.296176	0.296176	-0.231018	0.376647	0.111554	2.8864
13.13	0.293872	0.293872	-0.229954	0.375429	0.110328	2.8886
13.14	0.291577	0.291577	-0.228888	0.374215	0.109113	2.8908
13.15	0.289294	0.289294	-0.227819	0.373005	0.107908	2.893
13.16	0.287021	0.287021	-0.226747	0.371799	0.106714	2.8952
13.17	0.284759	0.284759	-0.225671	0.370596	0.10553	2.8974
13.18	0.282508	0.282508	-0.224594	0.369397	0.104357	2.8996
13.19	0.280267	0.280267	-0.223513	0.368201	0.103195	2.9018
13.2	0.278037	0.278037	-0.22243	0.367009	0.102042	2.904
13.21	0.275818	0.275818	-0.221344	0.365821	0.1009	2.9062
13.22	0.27361	0.27361	-0.220256	0.364637	0.0997684	2.9084
13.23	0.271413	0.271413	-0.219166	0.363456	0.0986467	2.9106
13.24	0.269227	0.269227	-0.218074	0.362278	0.0975351	2.9128
13.25	0.267052	0.267052	-0.21698	0.361105	0.0964337	2.915
13.26	0.264888	0.264888	-0.215883	0.359935	0.0953422	2.9172
13.27	0.262734	0.262734	-0.214785	0.358768	0.0942606	2.9194
13.28	0.260592	0.260592	-0.213685	0.357605	0.093189	2.9216
13.29	0.25846	0.25846	-0.212584	0.356446	0.0921271	2.9238
13.3	0.25634	0.25634	-0.211481	0.35529	0.0910751	2.926
13.31	0.254231	0.254231	-0.210376	0.354138	0.0900327	2.9282
13.32	0.252133	0.252133	-0.20927	0.352989	0.089	2.9304
13.33	0.250045	0.250045	-0.208163	0.351844	0.0879769	2.9326
13.34	0.247969	0.247969	-0.207054	0.350702	0.0869634	2.9348
13.35	0.245904	0.245904	-0.205945	0.349564	0.0859593	2.937
13.36	0.24385	0.24385	-0.204834	0.348429	0.0849647	2.9392
13.37	0.241808	0.241808	-0.203723	0.347298	0.0839794	2.9414
13.38	0.239776	0.239776	-0.202611	0.34617	0.0830034	2.9436
13.39	0.237755	0.237755	-0.201498	0.345046	0.0820366	2.9458
13.4	0.235746	0.235746	-0.200384	0.343925	0.0810791	2.948
13.41	0.233748	0.233748	-0.19927	0.342808	0.0801306	2.9502
13.42	0.231761	0.231761	-0.198155	0.341694	0.0791913	2.9524
13.43	0.229785	0.229785	-0.19704	0.340584	0.0782609	2.9546
13.44	0.22782	0.22782	-0.195925	0.339477	0.0773396	2.9568
13.45	0.225866	0.225866	-0.19481	0.338373	0.0764271	2.959
13.46	0.223924	0.223924	-0.193694	0.337273	0.0755234	2.9612
13.47	0.221992	0.221992	-0.192578	0.336176	0.0746285	2.9634
13.48	0.220072	0.220072	-0.191463	0.335083	0.0737424	2.9656
13.49	0.218163	0.218163	-0.190347	0.333993	0.0728649	2.9678
13.5	0.216265	0.216265	-0.189232	0.332906	0.071996	2.97
13.51	0.214378	0.214378	-0.188117	0.331823	0.0711356	2.9722
13.52	0.212503	0.212503	-0.187002	0.330743	0.0702837	2.9744
13.53	0.210638	0.210638	-0.185888	0.329666	0.0694403	2.9766
13.54	0.208785	0.208785	-0.184775	0.328593	0.0686052	2.9788
13.55	0.206943	0.206943	-0.183662	0.327522	0.0677784	2.981
13.56	0.205112	0.205112	-0.18255	0.326456	0.0669599	2.9832
13.57	0.203292	0.203292	-0.181438	0.325392	0.0661496	2.9854
13.58	0.201483	0.201483	-0.180327	0.324332	0.0653474	2.9876
13.59	0.199685	0.199685	-0.179218	0.323275	0.0645533	2.9898
13.6	0.197899	0.197899	-0.178109	0.322222	0.0637673	2.992
13.61	0.196123	0.196123	-0.177001	0.321171	0.0629892	2.9942
13.62	0.194359	0.194359	-0.175895	0.320124	0.0622189	2.9964
13.63	0.192605	0.192605	-0.174789	0.319081	0.0614566	2.9986
13.64	0.190863	0.190863	-0.173685	0.31804	0.060702	3.0008
13.65	0.189132	0.189132	-0.172583	0.317003	0.0599552	3.003
13.66	0.187411	0.187411	-0.171481	0.315968	0.059216	3.0052
13.67	0.185702	0.185702	-0.170382	0.314937	0.0584845	3.0074
13.68	0.184004	0.184004	-0.169283	0.31391	0.0577605	3.0096
13.69	0.182316	0.182316	-0.168187	0.312885	0.057044	3.0118
13.7	0.18064	0.18064	-0.167092	0.311864	0.056335	3.014
13.71	0.178974	0.178974	-0.165999	0.310845	0.0556334	3.0162
13.72	0.17732	0.17732	-0.164907	0.30983	0.0549391	3.0184
13.73	0.175676	0.175676	-0.163818	0.308818	0.0542521	3.0206
13.74	0.174044	0.174044	-0.162731	0.30781	0.0535723	3.0228
13.75	0.172422	0.172422	-0.161645	0.306804	0.0528996	3.025
13.76	0.170811	0.170811	-0.160562	0.305801	0.0522341	3.0272
13.77	0.16921	0.16921	-0.159481	0.304802	0.0515757	3.0294
13.78	0.167621	0.167621	-0.158402	0.303806	0.0509242	3.0316
13.79	0.166042	0.166042	-0.157325	0.302813	0.0502797	3.0338
13.8	0.164474	0.164474	-0.156251	0.301822	0.0496421	3.036
13.81	0.162917	0.162917	-0.155179	0.300835	0.0490113	3.0382
13.82	0.161371	0.161371	-0.154109	0.299851	0.0483873	3.0404
13.83	0.159835	0.159835	-0.153042	0.29887	0.04777	3.0426
13.84	0.15831	0.15831	-0.151978	0.297893	0.0471594	3.0448
13.85	0.156796	0.156796	-0.150916	0.296918	0.0465554	3.047
13.86	0.155292	0.155292	-0.149856	0.295946	0.045958	3.0492
13.87	0.153798	0.153798	-0.1488	0.294977	0.045367	3.0514
13.88	0.152316	0.152316	-0.147746	0.294012	0.0447826	3.0536
13.89	0.150843	0.150843	-0.146695	0.293049	0.0442045	3.0558
13.9	0.149382	0.149382	-0.145647	0.292089	0.0436328	3.058
13.91	0.147931	0.147931	-0.144602	0.291132	0.0430674	3.0602
13.92	0.14649	0.14649	-0.14356	0.290179	0.0425082	3.0624
13.93	0.145059	0.145059	-0.142521	0.289228	0.0419552	3.0646
13.94	0.143639	0.143639	-0.141485	0.28828	0.0414084	3.0668
13.95	0.14223	0.14223	-0.140452	0.287335	0.0408676	3.069
13.96	0.14083	0.14083	-0.139422	0.286393	0.0403329	3.0712
13.97	0.139441	0.139441	-0.138395	0.285454	0.0398041	3.0734
13.98	0.138062	0.138062	-0.137372	0.284518	0.0392813	3.0756
13.99	0.136694	0.136694	-0.136352	0.283585	0.0387643	3.0778
14	0.135335	0.135335	-0.135335	0.282655	0.0382532	3.08
14.01	0.133987	0.133987	-0.134322	0.281728	0.0377479	3.0822
14.02	0.132649	0.132649	-0.133312	0.280803	0.0372483	3.0844
14.03	0.131321	0.131321	-0.132306	0.279882	0.0367543	3.0866
14.04	0.130003	0.130003	-0.131303	0.278963	0.036266	3.0888
14.05	0.128695	0.128695	-0.130303	0.278048	0.0357833	3.091
14.06	0.127397	0.127397	-0.129308	0.277135	0.035306	3.0932
14.07	0.126109	0.126109	-0.128315	0.276225	0.0348343	3.0954
14.08	0.12483	0.12483	-0.127327	0.275318	0.034368	3.0976
14.09	0.123562	0.123562	-0.126342	0.274413	0.0339071	3.0998
14.1	0.122303	0.122303	-0.125361	0.273512	0.0334514	3.102
14.11	0.121055	0.121055	-0.124384	0.272613	0.0330011	3.1042
14.12	0.119816	0.119816	-0.12341	0.271717	0.032556	3.1064
14.13	0.118587	0.118587	-0.122441	0.270824	0.0321161	3.1086
14.14	0.117367	0.117367	-0.121475	0.269934	0.0316813	3.1108
14.15	0.116157	0.116157	-0.120513	0.269047	0.0312517	3.113
14.16	0.114957	0.114957	-0.119555	0.268162	0.030827	3.1152
14.17	0.113766	0.113766	-0.118601	0.26728	0.0304074	3.1174
14.18	0.112585	0.112585	-0.117651	0.266401	0.0299927	3.1196
14.19	0.111413	0.111413	-0.116705	0.265525	0.0295829	3.1218
14.2	0.110251	0.110251	-0.115763	0.264651	0.0291779	3.124
14.21	0.109098	0.109098	-0.114825	0.26378	0.0287778	3.1262
14.22	0.107954	0.107954	-0.113891	0.262912	0.0283824	3.1284
14.23	0.10682	0.10682	-0.112962	0.262047	0.0279918	3.1306
14.24	0.105695	0.105695	-0.112036	0.261184	0.0276058	3.1328
14.25	0.104579	0.104579	-0.111115	0.260324	0.0272244	3.135
14.26	0.103472	0.103472	-0.110198	0.259467	0.0268477	3.1372
14.27	0.102375	0.102375	-0.109285	0.258612	0.0264754	3.1394
14.28	0.101287	0.101287	-0.108377	0.25776	0.0261077	3.1416
14.29	0.100207	0.100207	-0.107473	0.256911	0.0257444	3.1438
14.3	0.0991373	0.0991373	-0.106573	0.256065	0.0253855	3.146
14.31	0.098076	0.098076	-0.105677	0.255221	0.025031	3.1482
14.32	0.0970237	0.0970237	-0.104786	0.25438	0.0246808	3.1504
14.33	0.0959803	0.0959803	-0.103899	0.253541	0.0243349	3.1526
14.34	0.0949457	0.0949457	-0.103016	0.252705	0.0239933	3.1548
14.35	0.0939199	0.0939199	-0.102138	0.251872	0.0236558	3.157
14.36	0.0929029	0.0929029	-0.101264	0.251041	0.0233225	3.1592
14.37	0.0918946	0.0918946	-0.100395	0.250213	0.0229932	3.1614
14.38	0.090895	0.090895	-0.0995301	0.249388	0.0226681	3.1636
14.39	0.089904	0.089904	-0.0986697	0.248565	0.022347	3.1658
14.4	0.0889216	0.0889216	-0.0978138	0.247745	0.0220299	3.168
14.41	0.0879477	0.0879477	-0.0969624	0.246927	0.0217167	3.1702
14.42	0.0869824	0.0869824	-0.0961155	0.246112	0.0214074	3.1724
14.43	0.0860254	0.0860254	-0.0952731	0.245299	0.021102	3.1746
14.44	0.0850769	0.0850769	-0.0944353	0.244489	0.0208004	3.1768
14.45	0.0841367	0.0841367	-0.0936021	0.243682	0.0205026	3.179
14.46	0.0832048	0.0832048	-0.0927734	0.242877	0.0202086	3.1812
14.47	0.0822812	0.0822812	-0.0919493	0.242075	0.0199182	3.1834
14.48	0.0813658	0.0813658	-0.0911297	0.241275	0.0196316	3.1856
14.49	0.0804586	0.0804586	-0.0903148	0.240478	0.0193485	3.1878
14.5	0.0795595	0.0795595	-0.0895044	0.239683	0.0190691	3.19
14.51	0.0786685	0.0786685	-0.0886987	0.238891	0.0187932	3.1922
14.52	0.0777855	0.0777855	-0.0878976	0.238102	0.0185209	3.1944
14.53	0.0769105	0.0769105	-0.0871012	0.237314	0.018252	3.1966
14.54	0.0760435	0.0760435	-0.0863093	0.23653	0.0179865	3.1988
14.55	0.0751843	0.0751843	-0.0855222	0.235747	0.0177245	3.201
14.56	0.074333	0.074333	-0.0847396	0.234968	0.0174659	3.2032
14.57	0.0734895	0.0734895	-0.0839618	0.23419	0.0172105	3.2054
14.58	0.0726538	0.0726538	-0.0831886	0.233416	0.0169585	3.2076
14.59	0.0718257	0.0718257	-0.08242	0.232643	0.0167098	3.2098
14.6	0.0710054	0.0710054	-0.0816562	0.231873	0.0164643	3.212
14.61	0.0701926	0.0701926	-0.080897	0.231106	0.0162219	3.2142
14.62	0.0693874	0.0693874	-0.0801424	0.230341	0.0159828	3.2164
14.63	0.0685897	0.0685897	-0.0793926	0.229578	0.0157467	3.2186
14.64	0.0677995	0.0677995	-0.0786475	0.228818	0.0155138	3.2208
14.65	0.0670168	0.0670168	-0.077907	0.22806	0.0152839	3.223
14.66	0.0662414	0.0662414	-0.0771712	0.227305	0.015057	3.2252
14.67	0.0654733	0.0654733	-0.0764401	0.226552	0.0148331	3.2274
14.68	0.0647126	0.0647126	-0.0757137	0.225801	0.0146122	3.2296
14.69	0.063959	0.063959	-0.074992	0.225053	0.0143942	3.2318
14.7	0.0632127	0.0632127	-0.0742749	0.224307	0.0141791	3.234
14.71	0.0624735	0.0624735	-0.0735626	0.223564	0.0139668	3.2362
14.72	0.0617414	0.0617414	-0.0728549	0.222823	0.0137574	3.2384
14.73	0.0610164	0.0610164	-0.0721519	0.222084	0.0135508	3.2406
14.74	0.0602984	0.0602984	-0.0714536	0.221348	0.0133469	3.2428
14.75	0.0595873	0.0595873	-0.0707599	0.220614	0.0131458	3.245
14.76	0.0588832	0.0588832	-0.070071	0.219882	0.0129473	3.2472
14.77	0.0581859	0.0581859	-0.0693867	0.219153	0.0127516	3.2494
14.78	0.0574954	0.0574954	-0.068707	0.218426	0.0125585	3.2516
14.79	0.0568117	0.0568117	-0.068032	0.217701	0.012368	3.2538
14.8	0.0561348	0.0561348	-0.0673617	0.216978	0.01218	3.256
14.81	0.0554645	0.0554645	-0.066696	0.216258	0.0119946	3.2582
14.82	0.0548008	0.0548008	-0.066035	0.21554	0.0118118	3.2604
14.83	0.0541438	0.0541438	-0.0653786	0.214825	0.0116314	3.2626
14.84	0.0534932	0.0534932	-0.0647268	0.214111	0.0114535	3.2648
14.85	0.0528492	0.0528492	-0.0640797	0.2134	0.011278	3.267
14.86	0.0522116	0.0522116	-0.0634371	0.212692	0.011105	3.2692
14.87	0.0515805	0.0515805	-0.0627992	0.211985	0.0109343	3.2714
14.88	0.0509556	0.0509556	-0.0621659	0.211281	0.0107659	3.2736
14.89	0.0503371	0.0503371	-0.0615371	0.210579	0.0105999	3.2758
14.9	0.0497249	0.0497249	-0.060913	0.209879	0.0104362	3.278
14.91	0.0491188	0.0491188	-0.0602934	0.209182	0.0102748	3.2802
14.92	0.048519	0.048519	-0.0596784	0.208486	0.0101155	3.2824
14.93	0.0479253	0.0479253	-0.0590679	0.207793	0.00995854	3.2846
14.94	0.0473376	0.0473376	-0.058462	0.207102	0.00980372	3.2868
14.95	0.046756	0.046756	-0.0578606	0.206414	0.00965107	3.289
14.96	0.0461804	0.0461804	-0.0572637	0.205727	0.00950055	3.2912
14.97	0.0456107	0.0456107	-0.0566713	0.205043	0.00935215	3.2934
14.98	0.0450469	0.0450469	-0.0560835	0.204361	0.00920582	3.2956
14.99	0.044489	0.044489	-0.0555001	0.203681	0.00906156	3.2978
15	0.0439369	0.0439369	-0.0549212	0.203003	0.00891933	3.3
15.01	0.0433906	0.0433906	-0.0543467	0.202327	0.0087791	3.3022
15.02	0.04285	0.04285	-0.0537767	0.201654	0.00864087	3.3044
15.03	0.042315	0.042315	-0.0532112	0.200983	0.00850459	3.3066
15.04	0.0417857	0.0417857	-0.05265	0.200313	0.00837025	3.3088
15.05	0.041262	0.041262	-0.0520933	0.199646	0.00823782	3.311
15.06	0.0407439	0.0407439	-0.051541	0.198982	0.00810728	3.3132
15.07	0.0402312	0.0402312	-0.050993	0.198319	0.00797861	3.3154
15.08	0.039724	0.039724	-0.0504495	0.197658	0.00785177	3.3176
15.09	0.0392222	0.0392222	-0.0499102	0.197	0.00772676	3.3198
15.1	0.0387258	0.0387258	-0.0493754	0.196343	0.00760355	3.322
15.11	0.0382347	0.0382347	-0.0488448	0.195689	0.00748211	3.3242
15.12	0.0377489	0.0377489	-0.0483185	0.195037	0.00736242	3.3264
15.13	0.0372683	0.0372683	-0.0477966	0.194387	0.00724446	3.3286
15.14	0.0367929	0.0367929	-0.0472789	0.193739	0.00712821	3.3308
15.15	0.0363227	0.0363227	-0.0467655	0.193093	0.00701365	3.333
15.16	0.0358576	0.0358576	-0.0462563	0.192449	0.00690075	3.3352
15.17	0.0353976	0.0353976	-0.0457513	0.191807	0.0067895	3.3374
15.18	0.0349425	0.0349425	-0.0452506	0.191167	0.00667987	3.3396
15.19	0.0344925	0.0344925	-0.0447541	0.19053	0.00657185	3.3418
15.2	0.0340475	0.0340475	-0.0442617	0.189894	0.0064654	3.344
15.21	0.0336073	0.0336073	-0.0437735	0.18926	0.00636052	3.3462
15.22	0.033172	0.033172	-0.0432894	0.188629	0.00625719	3.3484
15.23	0.0327415	0.0327415	-0.0428095	0.187999	0.00615537	3.3506
15.24	0.0323158	0.0323158	-0.0423337	0.187372	0.00605506	3.3528
15.25	0.0318948	0.0318948	-0.0418619	0.186746	0.00595623	3.355
15.26	0.0314785	0.0314785	-0.0413942	0.186123	0.00585886	3.3572
15.27	0.0310669	0.0310669	-0.0409306	0.185501	0.00576294	3.3594
15.28	0.0306599	0.0306599	-0.0404711	0.184881	0.00566845	3.3616
15.29	0.0302575	0.0302575	-0.0400155	0.184264	0.00557536	3.3638
15.3	0.0298596	0.0298596	-0.0395639	0.183648	0.00548366	3.366
15.31	0.0294662	0.0294662	-0.0391163	0.183035	0.00539333	3.3682
15.32	0.0290772	0.0290772	-0.0386727	0.182423	0.00530436	3.3704
15.33	0.0286927	0.0286927	-0.038233	0.181814	0.00521672	3.3726
15.34	0.0283126	0.0283126	-0.0377973	0.181206	0.0051304	3.3748
15.35	0.0279367	0.0279367	-0.0373654	0.1806	0.00504538	3.377
15.36	0.0275652	0.0275652	-0.0369374	0.179996	0.00496164	3.3792
15.37	0.027198	0.027198	-0.0365133	0.179395	0.00487917	3.3814
15.38	0.026835	0.026835	-0.036093	0.178795	0.00479795	3.3836
15.39	0.0264761	0.0264761	-0.0356766	0.178197	0.00471796	3.3858
15.4	0.0261214	0.0261214	-0.0352639	0.177601	0.00463918	3.388
15.41	0.0257708	0.0257708	-0.034855	0.177007	0.0045616	3.3902
15.42	0.0254243	0.0254243	-0.0344499	0.176414	0.00448521	3.3924
15.43	0.0250818	0.0250818	-0.0340486	0.175824	0.00440999	3.3946
15.44	0.0247433	0.0247433	-0.0336509	0.175236	0.00433591	3.3968
15.45	0.0244088	0.0244088	-0.033257	0.174649	0.00426297	3.399
15.46	0.0240782	0.0240782	-0.0328667	0.174065	0.00419115	3.4012
15.47	0.0237514	0.0237514	-0.0324801	0.173482	0.00412044	3.4034
15.48	0.0234285	0.0234285	-0.0320971	0.172901	0.00405082	3.4056
15.49	0.0231095	0.0231095	-0.0317178	0.172322	0.00398227	3.4078
15.5	0.0227942	0.0227942	-0.031342	0.171745	0.00391478	3.41
15.51	0.0224826	0.0224826	-0.0309698	0.17117	0.00384834	3.4122
15.52	0.0221748	0.0221748	-0.0306012	0.170596	0.00378293	3.4144
15.53	0.0218706	0.0218706	-0.0302361	0.170025	0.00371854	3.4166
15.54	0.02157	0.02157	-0.0298745	0.169455	0.00365515	3.4188
15.55	0.0212731	0.0212731	-0.0295164	0.168887	0.00359275	3.421
15.56	0.0209797	0.0209797	-0.0291618	0.168321	0.00353133	3.4232
15.57	0.0206898	0.0206898	-0.0288106	0.167757	0.00347086	3.4254
15.58	0.0204035	0.0204035	-0.0284628	0.167195	0.00341135	3.4276
15.59	0.0201206	0.0201206	-0.0281185	0.166634	0.00335277	3.4298
15.6	0.0198411	0.0198411	-0.0277775	0.166075	0.00329512	3.432
15.61	0.019565	0.019565	-0.0274399	0.165518	0.00323837	3.4342
15.62	0.0192923	0.0192923	-0.0271057	0.164963	0.00318252	3.4364
15.63	0.0190229	0.0190229	-0.0267747	0.16441	0.00312755	3.4386
15.64	0.0187568	0.0187568	-0.0264471	0.163858	0.00307345	3.4408
15.65	0.0184939	0.0184939	-0.0261227	0.163309	0.00302022	3.443
15.66	0.0182343	0.0182343	-0.0258016	0.162761	0.00296783	3.4452
15.67	0.0179779	0.0179779	-0.0254837	0.162214	0.00291627	3.4474
15.68	0.0177246	0.0177246	-0.025169	0.16167	0.00286554	3.4496
15.69	0.0174745	0.0174745	-0.0248575	0.161127	0.00281562	3.4518
15.7	0.0172275	0.0172275	-0.0245491	0.160586	0.00276649	3.454
15.71	0.0169835	0.0169835	-0.024244	0.160047	0.00271816	3.4562
15.72	0.0167426	0.0167426	-0.0239419	0.15951	0.0026706	3.4584
15.73	0.0165047	0.0165047	-0.0236429	0.158974	0.00262381	3.4606
15.74	0.0162697	0.0162697	-0.023347	0.15844	0.00257777	3.4628
15.75	0.0160377	0.0160377	-0.0230542	0.157908	0.00253248	3.465
15.76	0.0158086	0.0158086	-0.0227644	0.157377	0.00248792	3.4672
15.77	0.0155824	0.0155824	-0.0224776	0.156848	0.00244408	3.4694
15.78	0.0153591	0.0153591	-0.0221938	0.156321	0.00240095	3.4716
15.79	0.0151385	0.0151385	-0.021913	0.155796	0.00235852	3.4738
15.8	0.0149208	0.0149208	-0.0216351	0.155272	0.00231678	3.476
15.81	0.0147058	0.0147058	-0.0213602	0.15475	0.00227573	3.4782
15.82	0.0144936	0.0144936	-0.0210881	0.15423	0.00223534	3.4804
15.83	0.014284	0.014284	-0.020819	0.153711	0.00219562	3.4826
15.84	0.0140772	0.0140772	-0.0205527	0.153195	0.00215655	3.4848
15.85	0.013873	0.013873	-0.0202892	0.152679	0.00211812	3.487
15.86	0.0136714	0.0136714	-0.0200286	0.152166	0.00208032	3.4892
15.87	0.0134724	0.0134724	-0.0197707	0.151654	0.00204314	3.4914
15.88	0.013276	0.013276	-0.0195157	0.151144	0.00200658	3.4936
15.89	0.0130821	0.0130821	-0.0192634	0.150635	0.00197062	3.4958
15.9	0.0128907	0.0128907	-0.0190138	0.150128	0.00193526	3.498
15.91	0.0127018	0.0127018	-0.0187669	0.149623	0.00190048	3.5002
15.92	0.0125153	0.0125153	-0.0185227	0.149119	0.00186628	3.5024
15.93	0.0123313	0.0123313	-0.0182812	0.148617	0.00183265	3.5046
15.94	0.0121497	0.0121497	-0.0180423	0.148117	0.00179958	3.5068
15.95	0.0119705	0.0119705	-0.0178061	0.147618	0.00176706	3.509
15.96	0.0117936	0.0117936	-0.0175724	0.147121	0.00173508	3.5112
15.97	0.011619	0.011619	-0.0173414	0.146626	0.00170364	3.5134
15.98	0.0114467	0.0114467	-0.0171129	0.146132	0.00167273	3.5156
15.99	0.0112767	0.0112767	-0.0168869	0.145639	0.00164234	3.5178
16	0.011109	0.011109	-0.0166635	0.145149	0.00161246	3.52
16.01	0.0109435	0.0109435	-0.0164426	0.14466	0.00158308	3.5222
16.02	0.0107801	0.0107801	-0.0162241	0.144172	0.0015542	3.5244
16.03	0.010619	0.010619	-0.0160081	0.143686	0.0015258	3.5266
16.04	0.01046	0.01046	-0.0157945	0.143202	0.00149789	3.5288
16.05	0.0103031	0.0103031	-0.0155834	0.142719	0.00147045	3.531
16.06	0.0101483	0.0101483	-0.0153747	0.142238	0.00144347	3.5332
16.07	0.00999558	0.00999558	-0.0151683	0.141758	0.00141696	3.5354
16.08	0.00984492	0.00984492	-0.0149643	0.14128	0.00139089	3.5376
16.09	0.00969628	0.00969628	-0.0147626	0.140804	0.00136527	3.5398
16.1	0.00954966	0.00954966	-0.0145632	0.140329	0.00134009	3.542
16.11	0.00940501	0.00940501	-0.0143662	0.139856	0.00131534	3.5442
16.12	0.00926233	0.00926233	-0.0141714	0.139384	0.00129102	3.5464
16.13	0.00912158	0.00912158	-0.0139788	0.138913	0.00126711	3.5486
16.14	0.00898274	0.00898274	-0.0137885	0.138445	0.00124361	3.5508
16.15	0.0088458	0.0088458	-0.0136004	0.137977	0.00122052	3.553
16.16	0.00871073	0.00871073	-0.0134145	0.137512	0.00119783	3.5552
16.17	0.0085775	0.0085775	-0.0132308	0.137048	0.00117553	3.5574
16.18	0.0084461	0.0084461	-0.0130492	0.136585	0.00115361	3.5596
16.19	0.00831651	0.00831651	-0.0128698	0.136124	0.00113207	3.5618
16.2	0.0081887	0.0081887	-0.0126925	0.135664	0.00111091	3.564
16.21	0.00806265	0.00806265	-0.0125173	0.135206	0.00109012	3.5662
16.22	0.00793835	0.00793835	-0.0123441	0.134749	0.00106969	3.5684
16.23	0.00781576	0.00781576	-0.0121731	0.134294	0.00104961	3.5706
16.24	0.00769488	0.00769488	-0.012004	0.13384	0.00102989	3.5728
16.25	0.00757568	0.00757568	-0.011837	0.133388	0.00101051	3.575
16.26	0.00745813	0.00745813	-0.011672	0.132937	0.000991465	3.5772
16.27	0.00734223	0.00734223	-0.0115089	0.132488	0.000972759	3.5794
16.28	0.00722795	0.00722795	-0.0113479	0.13204	0.000954381	3.5816
16.29	0.00711527	0.00711527	-0.0111888	0.131594	0.000936327	3.5838
16.3	0.00700417	0.00700417	-0.0110316	0.131149	0.000918591	3.586
16.31	0.00689463	0.00689463	-0.0108763	0.130706	0.000901168	3.5882
16.32	0.00678664	0.00678664	-0.0107229	0.130264	0.000884053	3.5904
16.33	0.00668017	0.00668017	-0.0105714	0.129823	0.000867241	3.5926
16.34	0.0065752	0.0065752	-0.0104217	0.129384	0.000850727	3.5948
16.35	0.00647173	0.00647173	-0.0102739	0.128947	0.000834507	3.597
16.36	0.00636972	0.00636972	-0.0101279	0.12851	0.000818575	3.5992
16.37	0.00626916	0.00626916	-0.00998364	0.128076	0.000802927	3.6014
16.38	0.00617004	0.00617004	-0.00984121	0.127642	0.000787558	3.6036
16.39	0.00607233	0.00607233	-0.00970055	0.12721	0.000772463	3.6058
16.4	0.00597602	0.00597602	-0.00956164	0.12678	0.000757639	3.608
16.41	0.00588109	0.00588109	-0.00942445	0.126351	0.00074308	3.6102
16.42	0.00578753	0.00578753	-0.00928898	0.125923	0.000728783	3.6124
16.43	0.00569531	0.00569531	-0.00915521	0.125497	0.000714742	3.6146
16.44	0.00560442	0.00560442	-0.00902311	0.125072	0.000700954	3.6168
16.45	0.00551484	0.00551484	-0.00889268	0.124648	0.000687415	3.619
16.46	0.00542656	0.00542656	-0.00876389	0.124226	0.00067412	3.6212
16.47	0.00533956	0.00533956	-0.00863673	0.123805	0.000661066	3.6234
16.48	0.00525382	0.00525382	-0.00851119	0.123386	0.000648248	3.6256
16.49	0.00516933	0.00516933	-0.00838724	0.122968	0.000635662	3.6278
16.5	0.00508607	0.00508607	-0.00826486	0.122551	0.000623305	3.63
16.51	0.00500403	0.00500403	-0.00814405	0.122136	0.000611172	3.6322
16.52	0.00492318	0.00492318	-0.00802479	0.121722	0.000599261	3.6344
16.53	0.00484353	0.00484353	-0.00790705	0.12131	0.000587567	3.6366
16.54	0.00476504	0.00476504	-0.00779084	0.120899	0.000576086	3.6388
16.55	0.0046877	0.0046877	-0.00767611	0.120489	0.000564815	3.641
16.56	0.00461151	0.00461151	-0.00756288	0.12008	0.000553751	3.6432
16.57	0.00453644	0.00453644	-0.0074511	0.119673	0.00054289	3.6454
16.58	0.00446248	0.00446248	-0.00734078	0.119267	0.000532228	3.6476
16.59	0.00438962	0.00438962	-0.0072319	0.118863	0.000521763	3.6498
16.6	0.00431784	0.00431784	-0.00712444	0.11846	0.00051149	3.652
16.61	0.00424713	0.00424713	-0.00701838	0.118058	0.000501407	3.6542
16.62	0.00417747	0.00417747	-0.00691371	0.117657	0.00049151	3.6564
16.63	0.00410885	0.00410885	-0.00681042	0.117258	0.000481796	3.6586
16.64	0.00404125	0.00404125	-0.00670848	0.11686	0.000472262	3.6608
16.65	0.00397467	0.00397467	-0.0066079	0.116464	0.000462906	3.663
16.66	0.00390909	0.00390909	-0.00650864	0.116069	0.000453723	3.6652
16.67	0.0038445	0.0038445	-0.0064107	0.115675	0.000444711	3.6674
16.68	0.00378087	0.00378087	-0.00631406	0.115282	0.000435866	3.6696
16.69	0.00371821	0.00371821	-0.00621871	0.114891	0.000427187	3.6718
16.7	0.0036565	0.0036565	-0.00612463	0.1145	0.00041867	3.674
16.71	0.00359571	0.00359571	-0.00603181	0.114112	0.000410313	3.6762
16.72	0.00353586	0.00353586	-0.00594024	0.113724	0.000402112	3.6784
16.73	0.00347691	0.00347691	-0.00584989	0.113338	0.000394065	3.6806
16.74	0.00341885	0.00341885	-0.00576077	0.112953	0.00038617	3.6828
16.75	0.00336169	0.00336169	-0.00567285	0.112569	0.000378422	3.685
16.76	0.00330539	0.00330539	-0.00558611	0.112187	0.000370821	3.6872
16.77	0.00324996	0.00324996	-0.00550056	0.111806	0.000363364	3.6894
16.78	0.00319538	0.00319538	-0.00541617	0.111426	0.000356047	3.6916
16.79	0.00314163	0.00314163	-0.00533292	0.111047	0.000348869	3.6938
16.8	0.00308872	0.00308872	-0.00525082	0.11067	0.000341827	3.696
16.81	0.00303661	0.00303661	-0.00516983	0.110293	0.000334918	3.6982
16.82	0.00298532	0.00298532	-0.00508996	0.109918	0.000328141	3.7004
16.83	0.00293481	0.00293481	-0.00501119	0.109545	0.000321493	3.7026
16.84	0.00288509	0.00288509	-0.0049335	0.109172	0.000314972	3.7048
16.85	0.00283614	0.00283614	-0.00485688	0.108801	0.000308575	3.707
16.86	0.00278795	0.00278795	-0.00478133	0.108431	0.0003023	3.7092
16.87	0.00274051	0.00274051	-0.00470682	0.108062	0.000296145	3.7114
16.88	0.00269381	0.00269381	-0.00463335	0.107695	0.000290108	3.7136
16.89	0.00264784	0.00264784	-0.0045609	0.107328	0.000284188	3.7158
16.9	0.00260259	0.00260259	-0.00448946	0.106963	0.000278381	3.718
16.91	0.00255804	0.00255804	-0.00441902	0.106599	0.000272685	3.7202
16.92	0.0025142	0.0025142	-0.00434957	0.106236	0.0002671	3.7224
16.93	0.00247105	0.00247105	-0.00428109	0.105875	0.000261622	3.7246
16.94	0.00242858	0.00242858	-0.00421358	0.105514	0.00025625	3.7268
16.95	0.00238677	0.00238677	-0.00414702	0.105155	0.000250982	3.729
16.96	0.00234563	0.00234563	-0.0040814	0.104797	0.000245816	3.7312
16.97	0.00230514	0.00230514	-0.00401671	0.10444	0.00024075	3.7334
16.98	0.0022653	0.0022653	-0.00395294	0.104085	0.000235783	3.7356
16.99	0.00222608	0.00222608	-0.00389008	0.10373	0.000230912	3.7378
17	0.00218749	0.00218749	-0.00382811	0.103377	0.000226137	3.74
17.01	0.00214952	0.00214952	-0.00376703	0.103025	0.000221454	3.7422
17.02	0.00211215	0.00211215	-0.00370682	0.102674	0.000216863	3.7444
17.03	0.00207538	0.00207538	-0.00364747	0.102324	0.000212361	3.7466
17.04	0.0020392	0.0020392	-0.00358898	0.101976	0.000207948	3.7488
17.05	0.00200359	0.00200359	-0.00353134	0.101628	0.000203622	3.751
17.06	0.00196857	0.00196857	-0.00347452	0.101282	0.00019938	3.7532
17.07	0.0019341	0.0019341	-0.00341852	0.100937	0.000195222	3.7554
17.08	0.00190019	0.00190019	-0.00336334	0.100593	0.000191145	3.7576
17.09	0.00186683	0.00186683	-0.00330896	0.10025	0.000187149	3.7598
17.1	0.00183401	0.00183401	-0.00325537	0.0999079	0.000183232	3.762
17.11	0.00180172	0.00180172	-0.00320256	0.0995672	0.000179392	3.7642
17.12	0.00176996	0.00176996	-0.00315052	0.0992277	0.000175629	3.7664
17.13	0.00173871	0.00173871	-0.00309925	0.0988893	0.00017194	3.7686
17.14	0.00170797	0.00170797	-0.00304873	0.0985521	0.000168324	3.7708
17.15	0.00167773	0.00167773	-0.00299895	0.0982159	0.00016478	3.773
17.16	0.00164799	0.00164799	-0.0029499	0.0978809	0.000161307	3.7752
17.17	0.00161873	0.00161873	-0.00290158	0.097547	0.000157902	3.7774
17.18	0.00158995	0.00158995	-0.00285397	0.0972141	0.000154566	3.7796
17.19	0.00156165	0.00156165	-0.00280707	0.0968824	0.000151296	3.7818
17.2	0.00153381	0.00153381	-0.00276086	0.0965518	0.000148092	3.784
17.21	0.00150643	0.00150643	-0.00271534	0.0962223	0.000144952	3.7862
17.22	0.0014795	0.0014795	-0.0026705	0.0958938	0.000141875	3.7884
17.23	0.00145302	0.00145302	-0.00262633	0.0955665	0.00013886	3.7906
17.24	0.00142697	0.00142697	-0.00258282	0.0952402	0.000135905	3.7928
17.25	0.00140136	0.00140136	-0.00253996	0.0949151	0.00013301	3.795
17.26	0.00137617	0.00137617	-0.00249775	0.094591	0.000130173	3.7972
17.27	0.0013514	0.0013514	-0.00245617	0.0942679	0.000127394	3.7994
17.28	0.00132705	0.00132705	-0.00241522	0.093946	0.000124671	3.8016
17.29	0.0013031	0.0013031	-0.00237489	0.0936251	0.000122002	3.8038
17.3	0.00127955	0.00127955	-0.00233517	0.0933053	0.000119388	3.806
17.31	0.00125639	0.00125639	-0.00229605	0.0929865	0.000116827	3.8082
17.32	0.00123362	0.00123362	-0.00225753	0.0926688	0.000114318	3.8104
17.33	0.00121124	0.00121124	-0.00221959	0.0923522	0.00011186	3.8126
17.34	0.00118923	0.00118923	-0.00218224	0.0920366	0.000109453	3.8148
17.35	0.00116759	0.00116759	-0.00214545	0.091722	0.000107094	3.817
17.36	0.00114632	0.00114632	-0.00210923	0.0914085	0.000104783	3.8192
17.37	0.0011254	0.0011254	-0.00207356	0.0910961	0.00010252	3.8214
17.38	0.00110485	0.00110485	-0.00203844	0.0907847	0.000100303	3.8236
17.39	0.00108463	0.00108463	-0.00200386	0.0904743	9.81315e-05	3.8258
17.4	0.00106477	0.00106477	-0.00196982	0.0901649	9.60046e-05	3.828
17.41	0.00104524	0.00104524	-0.0019363	0.0898566	9.39213e-05	3.8302
17.42	0.00102604	0.00102604	-0.0019033	0.0895493	9.1881e-05	3.8324
17.43	0.00100717	0.00100717	-0.00187082	0.089243	8.98827e-05	3.8346
17.44	0.000988621	0.000988621	-0.00183883	0.0889377	8.79257e-05	3.8368
17.45	0.00097039	0.00097039	-0.00180735	0.0886335	8.60091e-05	3.839
17.46	0.000952472	0.000952472	-0.00177636	0.0883303	8.41321e-05	3.8412
17.47	0.000934861	0.000934861	-0.00174585	0.088028	8.2294e-05	3.8434
17.48	0.000917553	0.000917553	-0.00171582	0.0877268	8.0494e-05	3.8456
17.49	0.000900543	0.000900543	-0.00168627	0.0874266	7.87314e-05	3.8478
17.5	0.000883826	0.000883826	-0.00165717	0.0871274	7.70055e-05	3.85
17.51	0.000867398	0.000867398	-0.00162854	0.0868291	7.53154e-05	3.8522
17.52	0.000851254	0.000851254	-0.00160036	0.0865319	7.36606e-05	3.8544
17.53	0.000835389	0.000835389	-0.00157262	0.0862357	7.20404e-05	3.8566
17.54	0.0008198	0.0008198	-0.00154532	0.0859404	7.0454e-05	3.8588
17.55	0.000804482	0.000804482	-0.00151846	0.0856461	6.89007e-05	3.861
17.56	0.00078943	0.00078943	-0.00149202	0.0853528	6.73801e-05	3.8632
17.57	0.00077464	0.00077464	-0.00146601	0.0850605	6.58913e-05	3.8654
17.58	0.000760108	0.000760108	-0.0014404	0.0847692	6.44337e-05	3.8676
17.59	0.00074583	0.00074583	-0.00141521	0.0844788	6.30069e-05	3.8698
17.6	0.000731802	0.000731802	-0.00139042	0.0841894	6.161e-05	3.872
17.61	0.00071802	0.00071802	-0.00136603	0.083901	6.02426e-05	3.8742
17.62	0.00070448	0.00070448	-0.00134204	0.0836135	5.89041e-05	3.8764
17.63	0.000691178	0.000691178	-0.00131842	0.083327	5.75938e-05	3.8786
17.64	0.000678111	0.000678111	-0.00129519	0.0830414	5.63113e-05	3.8808
17.65	0.000665273	0.000665273	-0.00127234	0.0827568	5.50559e-05	3.883
17.66	0.000652663	0.000652663	-0.00124985	0.0824731	5.38271e-05	3.8852
17.67	0.000640275	0.000640275	-0.00122773	0.0821904	5.26245e-05	3.8874
17.68	0.000628107	0.000628107	-0.00120597	0.0819086	5.14474e-05	3.8896
17.69	0.000616155	0.000616155	-0.00118456	0.0816278	5.02953e-05	3.8918
17.7	0.000604415	0.000604415	-0.0011635	0.0813479	4.91679e-05	3.894
17.71	0.000592884	0.000592884	-0.00114278	0.0810689	4.80644e-05	3.8962
17.72	0.000581558	0.000581558	-0.00112241	0.0807909	4.69846e-05	3.8984
17.73	0.000570434	0.000570434	-0.00110236	0.0805138	4.59278e-05	3.9006
17.74	0.00055951	0.00055951	-0.00108265	0.0802376	4.48937e-05	3.9028
17.75	0.00054878	0.00054878	-0.00106326	0.0799623	4.38817e-05	3.905
17.76	0.000538243	0.000538243	-0.00104419	0.079688	4.28915e-05	3.9072
17.77	0.000527895	0.000527895	-0.00102544	0.0794146	4.19226e-05	3.9094
17.78	0.000517733	0.000517733	-0.00100699	0.0791421	4.09745e-05	3.9116
17.79	0.000507754	0.000507754	-0.000988852	0.0788705	4.00468e-05	3.9138
17.8	0.000497955	0.000497955	-0.000971013	0.0785998	3.91392e-05	3.916
17.81	0.000488333	0.000488333	-0.000953471	0.07833	3.82511e-05	3.9182
17.82	0.000478885	0.000478885	-0.00093622	0.0780611	3.73823e-05	3.9204
17.83	0.000469608	0.000469608	-0.000919257	0.0777931	3.65322e-05	3.9226
17.84	0.000460499	0.000460499	-0.000902578	0.077526	3.57006e-05	3.9248
17.85	0.000451555	0.000451555	-0.000886177	0.0772598	3.48871e-05	3.927
17.86	0.000442774	0.000442774	-0.000870052	0.0769945	3.40912e-05	3.9292
17.87	0.000434153	0.000434153	-0.000854197	0.0767301	3.33126e-05	3.9314
17.88	0.00042569	0.00042569	-0.000838609	0.0764665	3.2551e-05	3.9336
17.89	0.00041738	0.00041738	-0.000823283	0.0762039	3.1806e-05	3.9358
17.9	0.000409223	0.000409223	-0.000808216	0.0759421	3.10773e-05	3.938
17.91	0.000401215	0.000401215	-0.000793403	0.0756812	3.03644e-05	3.9402
17.92	0.000393354	0.000393354	-0.000778841	0.0754211	2.96672e-05	3.9424
17.93	0.000385638	0.000385638	-0.000764527	0.075162	2.89853e-05	3.9446
17.94	0.000378063	0.000378063	-0.000750455	0.0749037	2.83183e-05	3.9468
17.95	0.000370628	0.000370628	-0.000736623	0.0746463	2.7666e-05	3.949
17.96	0.00036333	0.00036333	-0.000723026	0.0743897	2.7028e-05	3.9512
17.97	0.000356166	0.000356166	-0.000709662	0.074134	2.6404e-05	3.9534
17.98	0.000349136	0.000349136	-0.000696526	0.0738791	2.57938e-05	3.9556
17.99	0.000342235	0.000342235	-0.000683615	0.0736251	2.51971e-05	3.9578
18	0.000335463	0.000335463	-0.000670925	0.073372	2.46136e-05	3.96
18.01	0.000328816	0.000328816	-0.000658454	0.0731197	2.40429e-05	3.9622
18.02	0.000322293	0.000322293	-0.000646197	0.0728682	2.34849e-05	3.9644
18.03	0.000315891	0.000315891	-0.000634152	0.0726176	2.29393e-05	3.9666
18.04	0.000309609	0.000309609	-0.000622314	0.0723678	2.24057e-05	3.9688
18.05	0.000303444	0.000303444	-0.000610682	0.0721189	2.18841e-05	3.971
18.06	0.000297395	0.000297395	-0.000599251	0.0718708	2.1374e-05	3.9732
18.07	0.000291459	0.000291459	-0.000588018	0.0716235	2.08753e-05	3.9754
18.08	0.000285634	0.000285634	-0.00057698	0.0713771	2.03877e-05	3.9776
18.09	0.000279918	0.000279918	-0.000566135	0.0711314	1.9911e-05	3.9798
18.1	0.00027431	0.00027431	-0.000555479	0.0708867	1.9445e-05	3.982
18.11	0.000268808	0.000268808	-0.000545009	0.0706427	1.89893e-05	3.9842
18.12	0.00026341	0.00026341	-0.000534722	0.0703995	1.85439e-05	3.9864
18.13	0.000258113	0.000258113	-0.000524615	0.0701572	1.81085e-05	3.9886
18.14	0.000252917	0.000252917	-0.000514686	0.0699157	1.76828e-05	3.9908
18.15	0.000247819	0.000247819	-0.000504931	0.0696749	1.72668e-05	3.993
18.16	0.000242818	0.000242818	-0.000495348	0.069435	1.686e-05	3.9952
18.17	0.000237911	0.000237911	-0.000485934	0.0691959	1.64625e-05	3.9974
18.18	0.000233098	0.000233098	-0.000476686	0.0689576	1.60739e-05	3.9996
18.19	0.000228377	0.000228377	-0.000467602	0.0687201	1.56941e-05	4.0018
18.2	0.000223746	0.000223746	-0.000458679	0.0684834	1.53229e-05	4.004
18.21	0.000219203	0.000219203	-0.000449914	0.0682475	1.49601e-05	4.0062
18.22	0.000214747	0.000214747	-0.000441305	0.0680124	1.46055e-05	4.0084
18.23	0.000210376	0.000210376	-0.000432849	0.0677781	1.42589e-05	4.0106
18.24	0.00020609	0.00020609	-0.000424544	0.0675445	1.39202e-05	4.0128
18.25	0.000201885	0.000201885	-0.000416388	0.0673118	1.35892e-05	4.015
18.26	0.000197761	0.000197761	-0.000408377	0.0670798	1.32658e-05	4.0172
18.27	0.000193717	0.000193717	-0.00040051	0.0668486	1.29497e-05	4.0194
18.28	0.000189751	0.000189751	-0.000392784	0.0666182	1.26408e-05	4.0216
18.29	0.000185861	0.000185861	-0.000385197	0.0663886	1.2339e-05	4.0238
18.3	0.000182046	0.000182046	-0.000377746	0.0661597	1.20441e-05	4.026
18.31	0.000178305	0.000178305	-0.00037043	0.0659316	1.1756e-05	4.0282
18.32	0.000174637	0.000174637	-0.000363245	0.0657042	1.14744e-05	4.0304
18.33	0.00017104	0.00017104	-0.000356191	0.0654777	1.11993e-05	4.0326
18.34	0.000167513	0.000167513	-0.000349264	0.0652519	1.09305e-05	4.0348
18.35	0.000164054	0.000164054	-0.000342464	0.0650268	1.06679e-05	4.037
18.36	0.000160663	0.000160663	-0.000335786	0.0648025	1.04114e-05	4.0392
18.37	0.000157338	0.000157338	-0.00032923	0.064579	1.01607e-05	4.0414
18.38	0.000154078	0.000154078	-0.000322794	0.0643562	9.91589e-06	4.0436
18.39	0.000150882	0.000150882	-0.000316475	0.0641342	9.67669e-06	4.0458
18.4	0.000147748	0.000147748	-0.000310272	0.0639129	9.44302e-06	4.048
18.41	0.000144676	0.000144676	-0.000304182	0.0636923	9.21476e-06	4.0502
18.42	0.000141664	0.000141664	-0.000298203	0.0634725	8.9918e-06	4.0524
18.43	0.000138712	0.000138712	-0.000292335	0.0632535	8.774e-06	4.0546
18.44	0.000135817	0.000135817	-0.000286574	0.0630351	8.56126e-06	4.0568
18.45	0.00013298	0.00013298	-0.00028092	0.0628176	8.35347e-06	4.059
18.46	0.000130199	0.000130199	-0.00027537	0.0626007	8.15052e-06	4.0612
18.47	0.000127472	0.000127472	-0.000269922	0.0623846	7.9523e-06	4.0634
18.48	0.0001248	0.0001248	-0.000264575	0.0621692	7.7587e-06	4.0656
18.49	0.00012218	0.00012218	-0.000259328	0.0619545	7.56962e-06	4.0678
18.5	0.000119613	0.000119613	-0.000254177	0.0617405	7.38497e-06	4.07
18.51	0.000117096	0.000117096	-0.000249123	0.0615273	7.20463e-06	4.0722
18.52	0.00011463	0.00011463	-0.000244162	0.0613148	7.02852e-06	4.0744
18.53	0.000112213	0.000112213	-0.000239294	0.061103	6.85655e-06	4.0766
18.54	0.000109844	0.000109844	-0.000234517	0.0608919	6.68861e-06	4.0788
18.55	0.000107522	0.000107522	-0.000229829	0.0606816	6.52462e-06	4.081
18.56	0.000105247	0.000105247	-0.000225229	0.0604719	6.36449e-06	4.0832
18.57	0.000103017	0.000103017	-0.000220715	0.060263	6.20813e-06	4.0854
18.58	0.000100832	0.000100832	-0.000216286	0.0600547	6.05547e-06	4.0876
18.59	9.86914e-05	9.86914e-05	-0.00021194	0.0598472	5.9064e-06	4.0898
18.6	9.65934e-05	9.65934e-05	-0.000207676	0.0596403	5.76086e-06	4.092
18.61	9.45376e-05	9.45376e-05	-0.000203492	0.0594342	5.61877e-06	4.0942
18.62	9.25233e-05	9.25233e-05	-0.000199388	0.0592287	5.48004e-06	4.0964
18.63	9.05496e-05	9.05496e-05	-0.000195361	0.059024	5.3446e-06	4.0986
18.64	8.86158e-05	8.86158e-05	-0.00019141	0.0588199	5.21237e-06	4.1008
18.65	8.67212e-05	8.67212e-05	-0.000187535	0.0586165	5.08329e-06	4.103
18.66	8.48649e-05	8.48649e-05	-0.000183733	0.0584138	4.95728e-06	4.1052
18.67	8.30463e-05	8.30463e-05	-0.000180003	0.0582118	4.83427e-06	4.1074
18.68	8.12646e-05	8.12646e-05	-0.000176344	0.0580105	4.7142e-06	4.1096
18.69	7.95192e-05	7.95192e-05	-0.000172755	0.0578098	4.59699e-06	4.1118
18.7	7.78093e-05	7.78093e-05	-0.000169235	0.0576099	4.48258e-06	4.114
18.71	7.61342e-05	7.61342e-05	-0.000165782	0.0574106	4.37091e-06	4.1162
18.72	7.44934e-05	7.44934e-05	-0.000162396	0.0572119	4.26191e-06	4.1184
18.73	7.28861e-05	7.28861e-05	-0.000159074	0.057014	4.15553e-06	4.1206
18.74	7.13117e-05	7.13117e-05	-0.000155816	0.0568167	4.0517e-06	4.1228
18.75	6.97696e-05	6.97696e-05	-0.000152621	0.0566201	3.95036e-06	4.125
18.76	6.82591e-05	6.82591e-05	-0.000149487	0.0564241	3.85146e-06	4.1272
18.77	6.67796e-05	6.67796e-05	-0.000146414	0.0562289	3.75494e-06	4.1294
18.78	6.53306e-05	6.53306e-05	-0.000143401	0.0560342	3.66075e-06	4.1316
18.79	6.39114e-05	6.39114e-05	-0.000140445	0.0558403	3.56883e-06	4.1338
18.8	6.25215e-05	6.25215e-05	-0.000137547	0.0556469	3.47913e-06	4.136
18.81	6.11603e-05	6.11603e-05	-0.000134706	0.0554543	3.3916e-06	4.1382
18.82	5.98272e-05	5.98272e-05	-0.000131919	0.0552623	3.30619e-06	4.1404
18.83	5.85217e-05	5.85217e-05	-0.000129187	0.0550709	3.22284e-06	4.1426
18.84	5.72433e-05	5.72433e-05	-0.000126508	0.0548802	3.14152e-06	4.1448
18.85	5.59914e-05	5.59914e-05	-0.000123881	0.0546901	3.06218e-06	4.147
18.86	5.47655e-05	5.47655e-05	-0.000121306	0.0545007	2.98476e-06	4.1492
18.87	5.35651e-05	5.35651e-05	-0.000118781	0.0543119	2.90922e-06	4.1514
18.88	5.23897e-05	5.23897e-05	-0.000116305	0.0541238	2.83553e-06	4.1536
18.89	5.12389e-05	5.12389e-05	-0.000113878	0.0539363	2.76363e-06	4.1558
18.9	5.0112e-05	5.0112e-05	-0.000111499	0.0537494	2.69349e-06	4.158
18.91	4.90087e-05	4.90087e-05	-0.000109167	0.0535631	2.62506e-06	4.1602
18.92	4.79285e-05	4.79285e-05	-0.000106881	0.0533775	2.55831e-06	4.1624
18.93	4.68709e-05	4.68709e-05	-0.000104639	0.0531925	2.49318e-06	4.1646
18.94	4.58356e-05	4.58356e-05	-0.000102443	0.0530082	2.42966e-06	4.1668
18.95	4.4822e-05	4.4822e-05	-0.000100289	0.0528244	2.36769e-06	4.169
18.96	4.38297e-05	4.38297e-05	-9.81784e-05	0.0526413	2.30725e-06	4.1712
18.97	4.28582e-05	4.28582e-05	-9.61096e-05	0.0524588	2.24829e-06	4.1734
18.98	4.19073e-05	4.19073e-05	-9.40819e-05	0.052277	2.19079e-06	4.1756
18.99	4.09765e-05	4.09765e-05	-9.20946e-05	0.0520957	2.1347e-06	4.1778
19	4.00653e-05	4.00653e-05	-9.01469e-05	0.0519151	2.07999e-06	4.18
19.01	3.91734e-05	3.91734e-05	-8.82381e-05	0.051735	2.02664e-06	4.1822
19.02	3.83004e-05	3.83004e-05	-8.63674e-05	0.0515556	1.9746e-06	4.1844
19.03	3.74459e-05	3.74459e-05	-8.45342e-05	0.0513768	1.92385e-06	4.1866
19.04	3.66096e-05	3.66096e-05	-8.27377e-05	0.0511986	1.87436e-06	4.1888
19.05	3.57911e-05	3.57911e-05	-8.09773e-05	0.051021	1.8261e-06	4.191
19.06	3.49899e-05	3.49899e-05	-7.92522e-05	0.050844	1.77903e-06	4.1932
19.07	3.42059e-05	3.42059e-05	-7.75619e-05	0.0506676	1.73313e-06	4.1954
19.08	3.34386e-05	3.34386e-05	-7.59056e-05	0.0504918	1.68837e-06	4.1976
19.09	3.26877e-05	3.26877e-05	-7.42827e-05	0.0503166	1.64473e-06	4.1998
19.1	3.19528e-05	3.19528e-05	-7.26927e-05	0.050142	1.60218e-06	4.202
19.11	3.12337e-05	3.12337e-05	-7.11348e-05	0.049968	1.56068e-06	4.2042
19.12	3.053e-05	3.053e-05	-6.96085e-05	0.0497945	1.52023e-06	4.2064
19.13	2.98414e-05	2.98414e-05	-6.81131e-05	0.0496217	1.48078e-06	4.2086
19.14	2.91677e-05	2.91677e-05	-6.66481e-05	0.0494494	1.44232e-06	4.2108
19.15	2.85084e-05	2.85084e-05	-6.52129e-05	0.0492778	1.40483e-06	4.213
19.16	2.78633e-05	2.78633e-05	-6.3807e-05	0.0491067	1.36827e-06	4.2152
19.17	2.72321e-05	2.72321e-05	-6.24297e-05	0.0489362	1.33264e-06	4.2174
19.18	2.66146e-05	2.66146e-05	-6.10805e-05	0.0487662	1.29789e-06	4.2196
19.19	2.60104e-05	2.60104e-05	-5.9759e-05	0.0485969	1.26403e-06	4.2218
19.2	2.54193e-05	2.54193e-05	-5.84645e-05	0.0484281	1.23101e-06	4.224
19.21	2.48411e-05	2.48411e-05	-5.71965e-05	0.0482599	1.19883e-06	4.2262
19.22	2.42753e-05	2.42753e-05	-5.59546e-05	0.0480923	1.16746e-06	4.2284
19.23	2.37219e-05	2.37219e-05	-5.47383e-05	0.0479252	1.13688e-06	4.2306
19.24	2.31805e-05	2.31805e-05	-5.35469e-05	0.0477587	1.10707e-06	4.2328
19.25	2.26509e-05	2.26509e-05	-5.23801e-05	0.0475928	1.07802e-06	4.235
19.26	2.21328e-05	2.21328e-05	-5.12374e-05	0.0474274	1.0497e-06	4.2372
19.27	2.1626e-05	2.1626e-05	-5.01183e-05	0.0472626	1.0221e-06	4.2394
19.28	2.11304e-05	2.11304e-05	-4.90224e-05	0.0470984	9.95205e-07	4.2416
19.29	2.06455e-05	2.06455e-05	-4.79492e-05	0.0469347	9.68991e-07	4.2438
19.3	2.01713e-05	2.01713e-05	-4.68983e-05	0.0467716	9.43443e-07	4.246
19.31	1.97075e-05	1.97075e-05	-4.58692e-05	0.046609	9.18545e-07	4.2482
19.32	1.92538e-05	1.92538e-05	-4.48614e-05	0.046447	8.94282e-07	4.2504
19.33	1.88102e-05	1.88102e-05	-4.38747e-05	0.0462855	8.70638e-07	4.2526
19.34	1.83763e-05	1.83763e-05	-4.29086e-05	0.0461246	8.47598e-07	4.2548
19.35	1.79519e-05	1.79519e-05	-4.19627e-05	0.0459642	8.25146e-07	4.257
19.36	1.7537e-05	1.7537e-05	-4.10365e-05	0.0458044	8.03269e-07	4.2592
19.37	1.71311e-05	1.71311e-05	-4.01297e-05	0.0456451	7.81952e-07	4.2614
19.38	1.67343e-05	1.67343e-05	-3.92419e-05	0.0454863	7.61182e-07	4.2636
19.39	1.63462e-05	1.63462e-05	-3.83728e-05	0.0453281	7.40944e-07	4.2658
19.4	1.59668e-05	1.59668e-05	-3.75219e-05	0.0451705	7.21227e-07	4.268
19.41	1.55957e-05	1.55957e-05	-3.6689e-05	0.0450133	7.02016e-07	4.2702
19.42	1.52329e-05	1.52329e-05	-3.58736e-05	0.0448567	6.833e-07	4.2724
19.43	1.48782e-05	1.48782e-05	-3.50754e-05	0.0447007	6.65066e-07	4.2746
19.44	1.45314e-05	1.45314e-05	-3.42941e-05	0.0445451	6.47302e-07	4.2768
19.45	1.41923e-05	1.41923e-05	-3.35293e-05	0.0443901	6.29997e-07	4.279
19.46	1.38607e-05	1.38607e-05	-3.27807e-05	0.0442357	6.13139e-07	4.2812
19.47	1.35366e-05	1.35366e-05	-3.20479e-05	0.0440817	5.96717e-07	4.2834
19.48	1.32197e-05	1.32197e-05	-3.13308e-05	0.0439283	5.8072e-07	4.2856
19.49	1.29099e-05	1.29099e-05	-3.06288e-05	0.0437754	5.65138e-07	4.2878
19.5	1.26071e-05	1.26071e-05	-2.99419e-05	0.043623	5.4996e-07	4.29
19.51	1.23111e-05	1.23111e-05	-2.92695e-05	0.0434711	5.35176e-07	4.2922
19.52	1.20217e-05	1.20217e-05	-2.86116e-05	0.0433198	5.20776e-07	4.2944
19.53	1.17388e-05	1.17388e-05	-2.79676e-05	0.043169	5.06751e-07	4.2966
19.54	1.14623e-05	1.14623e-05	-2.73375e-05	0.0430187	4.93091e-07	4.2988
19.55	1.1192e-05	1.1192e-05	-2.67209e-05	0.0428689	4.79788e-07	4.301
19.56	1.09278e-05	1.09278e-05	-2.61175e-05	0.0427196	4.66831e-07	4.3032
19.57	1.06696e-05	1.06696e-05	-2.5527e-05	0.0425708	4.54213e-07	4.3054
19.58	1.04172e-05	1.04172e-05	-2.49493e-05	0.0424225	4.41925e-07	4.3076
19.59	1.01706e-05	1.01706e-05	-2.43839e-05	0.0422747	4.29958e-07	4.3098
19.6	9.9295e-06	9.9295e-06	-2.38308e-05	0.0421275	4.18305e-07	4.312
19.61	9.69391e-06	9.69391e-06	-2.32896e-05	0.0419807	4.06957e-07	4.3142
19.62	9.46367e-06	9.46367e-06	-2.27601e-05	0.0418344	3.95907e-07	4.3164
19.63	9.23867e-06	9.23867e-06	-2.22421e-05	0.0416887	3.85148e-07	4.3186
19.64	9.01879e-06	9.01879e-06	-2.17353e-05	0.0415434	3.74671e-07	4.3208
19.65	8.80393e-06	8.80393e-06	-2.12395e-05	0.0413986	3.6447e-07	4.323
19.66	8.59397e-06	8.59397e-06	-2.07544e-05	0.0412543	3.54538e-07	4.3252
19.67	8.3888e-06	8.3888e-06	-2.02799e-05	0.0411106	3.44868e-07	4.3274
19.68	8.18833e-06	8.18833e-06	-1.98158e-05	0.0409673	3.35454e-07	4.3296
19.69	7.99246e-06	7.99246e-06	-1.93617e-05	0.0408244	3.26288e-07	4.3318
19.7	7.80107e-06	7.80107e-06	-1.89176e-05	0.0406821	3.17364e-07	4.334
19.71	7.61407e-06	7.61407e-06	-1.84832e-05	0.0405403	3.08677e-07	4.3362
19.72	7.43137e-06	7.43137e-06	-1.80582e-05	0.0403989	3.0022e-07	4.3384
19.73	7.25288e-06	7.25288e-06	-1.76426e-05	0.0402581	2.91987e-07	4.3406
19.74	7.07849e-06	7.07849e-06	-1.72361e-05	0.0401177	2.83973e-07	4.3428
19.75	6.90812e-06	6.90812e-06	-1.68386e-05	0.0399778	2.76171e-07	4.345
19.76	6.74169e-06	6.74169e-06	-1.64497e-05	0.0398383	2.68578e-07	4.3472
19.77	6.5791e-06	6.5791e-06	-1.60695e-05	0.0396994	2.61186e-07	4.3494
19.78	6.42027e-06	6.42027e-06	-1.56976e-05	0.0395609	2.53992e-07	4.3516
19.79	6.26512e-06	6.26512e-06	-1.53339e-05	0.0394229	2.46989e-07	4.3538
19.8	6.11357e-06	6.11357e-06	-1.49782e-05	0.0392854	2.40174e-07	4.356
19.81	5.96553e-06	5.96553e-06	-1.46305e-05	0.0391483	2.3354e-07	4.3582
19.82	5.82093e-06	5.82093e-06	-1.42904e-05	0.0390117	2.27085e-07	4.3604
19.83	5.6797e-06	5.6797e-06	-1.39579e-05	0.0388756	2.20802e-07	4.3626
19.84	5.54175e-06	5.54175e-06	-1.36327e-05	0.0387399	2.14687e-07	4.3648
19.85	5.40702e-06	5.40702e-06	-1.33148e-05	0.0386047	2.08736e-07	4.367
19.86	5.27543e-06	5.27543e-06	-1.30039e-05	0.03847	2.02946e-07	4.3692
19.87	5.14692e-06	5.14692e-06	-1.27e-05	0.0383357	1.97311e-07	4.3714
19.88	5.02141e-06	5.02141e-06	-1.24029e-05	0.0382019	1.91827e-07	4.3736
19.89	4.89884e-06	4.89884e-06	-1.21124e-05	0.0380685	1.86491e-07	4.3758
19.9	4.77914e-06	4.77914e-06	-1.18284e-05	0.0379356	1.813e-07	4.378
19.91	4.66225e-06	4.66225e-06	-1.15507e-05	0.0378031	1.76248e-07	4.3802
19.92	4.5481e-06	4.5481e-06	-1.12793e-05	0.0376711	1.71332e-07	4.3824
19.93	4.43664e-06	4.43664e-06	-1.1014e-05	0.0375396	1.6655e-07	4.3846
19.94	4.32781e-06	4.32781e-06	-1.07546e-05	0.0374085	1.61897e-07	4.3868
19.95	4.22153e-06	4.22153e-06	-1.05011e-05	0.0372779	1.5737e-07	4.389
19.96	4.11777e-06	4.11777e-06	-1.02532e-05	0.0371476	1.52965e-07	4.3912
19.97	4.01645e-06	4.01645e-06	-1.0011e-05	0.0370179	1.4868e-07	4.3934
19.98	3.91753e-06	3.91753e-06	-9.77423e-06	0.0368886	1.44512e-07	4.3956
19.99	3.82095e-06	3.82095e-06	-9.54281e-06	0.0367597	1.40457e-07	4.3978
